item,url,discount_price,price,is_autograph,avg_review_value,number_of_questions,number_of_reviews,vendor,is_sold_out,ds
Layone - [ORIGINALLY] EP Album,https://www.kpopalbums.com/collections/lastest-release/products/layone-originally-ep-album,11.89,13.99,False,0.00,0,0,kpopalbums,True,2022-11-14
TRADE L - [LOVE MAZE] EP Album,https://www.kpopalbums.com/collections/lastest-release/products/trade-l-love-maze-ep-album,13.24,15.58,False,0.00,0,0,kpopalbums,False,2022-11-14
AleXa - [Girls Gone Vogue] 1st Mini Album,https://www.kpopalbums.com/collections/lastest-release/products/alexa-girls-gone-vogue-1st-mini-album,14.59,17.16,False,0.00,0,0,kpopalbums,False,2022-11-14
JEONG EUN JI - [log] Remake Album 2 Version SET,https://www.kpopalbums.com/collections/lastest-release/products/jeong-eun-ji-log-remake-album-2-version-set,30.88,36.33,False,0.00,0,0,kpopalbums,True,2022-11-14
JEONG EUN JI - [log] Remake Album DAILY Log Version,https://www.kpopalbums.com/collections/lastest-release/products/jeong-eun-ji-log-remake-album-daily-log-version,15.84,18.63,False,0.00,0,0,kpopalbums,True,2022-11-14
JEONG EUN JI - [log] Remake Album PLATFORM Version,https://www.kpopalbums.com/collections/lastest-release/products/jeong-eun-ji-log-remake-album-platform-version,11.23,13.21,False,0.00,0,0,kpopalbums,True,2022-11-14
JEONG EUN JI - [log] Remake Album SPECIAL Log Version,https://www.kpopalbums.com/collections/lastest-release/products/jeong-eun-ji-log-remake-album-special-log-version,15.84,18.63,False,0.00,0,0,kpopalbums,True,2022-11-14
Xdinary Heroes - [Overload] 2nd Mini Album 4 Version SET,https://www.kpopalbums.com/collections/lastest-release/products/xdinary-heroes-overload-2nd-mini-album-4-version-set,56.18,66.09,False,0.00,0,0,kpopalbums,False,2022-11-14
Xdinary Heroes - [Overload] 2nd Mini Album A Version,https://www.kpopalbums.com/collections/lastest-release/products/xdinary-heroes-overload-2nd-mini-album-a-version-1,14.59,17.16,False,0.00,0,0,kpopalbums,False,2022-11-14
Xdinary Heroes - [Overload] 2nd Mini Album B Version,https://www.kpopalbums.com/collections/lastest-release/products/xdinary-heroes-overload-2nd-mini-album-b-version,14.59,17.16,False,0.00,0,0,kpopalbums,False,2022-11-14
Xdinary Heroes - [Overload] 2nd Mini Album C Version,https://www.kpopalbums.com/collections/lastest-release/products/xdinary-heroes-overload-2nd-mini-album-c-version,14.59,17.16,False,0.00,0,0,kpopalbums,False,2022-11-14
Xdinary Heroes - [Overload] 2nd Mini Album D Version,https://www.kpopalbums.com/collections/lastest-release/products/xdinary-heroes-overload-2nd-mini-album-d-version,14.59,17.16,False,0.00,0,0,kpopalbums,False,2022-11-14
Xdinary Heroes - [Overload] 2nd Mini Album RANDOM Version,https://www.kpopalbums.com/collections/lastest-release/products/xdinary-heroes-overload-2nd-mini-album-random-version,13.86,16.31,False,0.00,0,0,kpopalbums,False,2022-11-14
Acid Angel from Asia (tripleS) - [ACCESS] 2 Version SET,https://www.kpopalbums.com/collections/lastest-release/products/acid-angel-from-asia-triples-access-2-version-set,32.19,37.87,False,0.00,0,0,kpopalbums,False,2022-11-14
Acid Angel from Asia (tripleS) - [ACCESS] 2 Versions + OBJEKT SET,https://www.kpopalbums.com/collections/lastest-release/products/acid-angel-from-asia-triples-access-2-version-set-objekt-set,44.34,52.17,False,0.00,0,0,kpopalbums,True,2022-11-14
Acid Angel from Asia (tripleS) - [ACCESS] A Version,https://www.kpopalbums.com/collections/lastest-release/products/acid-angel-from-asia-triples-access-a-version,16.51,19.42,False,0.00,0,0,kpopalbums,False,2022-11-14
Acid Angel from Asia (tripleS) - [ACCESS] B Version,https://www.kpopalbums.com/collections/lastest-release/products/acid-angel-from-asia-triples-access-b-version,16.51,19.42,False,0.00,0,0,kpopalbums,False,2022-11-14
Acid Angel from Asia (tripleS) - [ACCESS] RANDOM Version,https://www.kpopalbums.com/collections/lastest-release/products/acid-angel-from-asia-triples-access-random-version,15.68,18.45,False,0.00,0,0,kpopalbums,False,2022-11-14
JOHN NOH & YEONG YEOL KO - [Cantar],https://www.kpopalbums.com/collections/lastest-release/products/john-noh-yeong-yeol-ko-cantar,15.84,18.63,False,0.00,0,0,kpopalbums,False,2022-11-14
JUKJAE - [The LIGHTS] Full Album,https://www.kpopalbums.com/collections/lastest-release/products/jukjae-the-lights-full-album,14.59,17.16,False,0.00,0,0,kpopalbums,False,2022-11-14
YONG JUN HYUNG - [LONER],https://www.kpopalbums.com/collections/lastest-release/products/yong-jun-hyung-loner,17.84,20.99,False,0.00,0,0,kpopalbums,False,2022-11-14
BADLAMB - [Universal Anxiety],https://www.kpopalbums.com/collections/lastest-release/products/badlamb-universal-anxiety,17.84,20.99,False,0.00,0,0,kpopalbums,True,2022-11-14
KIM JONG HYEON - [MERIDIEM] 1st Mini Album 2 Version SET,https://www.kpopalbums.com/collections/lastest-release/products/kim-jong-hyeon-meridiem-1st-mini-album-2-version-set,28.45,33.47,False,0.00,0,0,kpopalbums,False,2022-11-14
KIM JONG HYEON - [MERIDIEM] 1st Mini Album ANTE Version,https://www.kpopalbums.com/collections/lastest-release/products/kim-jong-hyeon-meridiem-1st-mini-album-ante-version,14.59,17.16,False,0.00,0,0,kpopalbums,False,2022-11-14
KIM JONG HYEON - [MERIDIEM] 1st Mini Album POST Version,https://www.kpopalbums.com/collections/lastest-release/products/kim-jong-hyeon-meridiem-1st-mini-album-post-version,14.59,17.16,False,0.00,0,0,kpopalbums,False,2022-11-14
KIM JONG HYEON - [MERIDIEM] 1st Mini Album RANDOM Version,https://www.kpopalbums.com/collections/lastest-release/products/kim-jong-hyeon-meridiem-1st-mini-album-random-version,13.86,16.31,False,0.00,0,0,kpopalbums,False,2022-11-14
KIM JONG HYEON - [MERIDIEM] 1st Mini META Album,https://www.kpopalbums.com/collections/lastest-release/products/kim-jong-hyeon-meridiem-1st-mini-meta-album,11.42,13.44,False,0.00,0,0,kpopalbums,False,2022-11-14
NATURE - [NATURE WORLD : CODE W] 3rd Mini NEMO (THIN) Album 2 Version SET,https://www.kpopalbums.com/collections/lastest-release/products/nature-nature-world-code-w-3rd-mini-nemo-thin-album-2-version-set,19.46,22.90,False,0.00,0,0,kpopalbums,False,2022-11-14
NATURE - [NATURE WORLD : CODE W] 3rd Mini NEMO (THIN) Album LIMBO Version,https://www.kpopalbums.com/collections/lastest-release/products/nature-nature-world-code-w-3rd-mini-nemo-album-thin-version,9.98,11.74,False,0.00,0,0,kpopalbums,False,2022-11-14
NATURE - [NATURE WORLD : CODE W] 3rd Mini NEMO (THIN) Album RANDOM Version,https://www.kpopalbums.com/collections/lastest-release/products/nature-nature-world-code-w-3rd-mini-nemo-thin-album-random-version,9.49,11.16,False,0.00,0,0,kpopalbums,False,2022-11-14
NATURE - [NATURE WORLD : CODE W] 3rd Mini NEMO (THIN) Album 넘어와 Version,https://www.kpopalbums.com/collections/lastest-release/products/nature-nature-world-code-w-3rd-mini-nemo-thin-album-version,9.98,11.74,False,0.00,0,0,kpopalbums,False,2022-11-14
NINE.i - [I (Part.1)] 2nd Mini Album,https://www.kpopalbums.com/collections/lastest-release/products/nine-i-i-part-1-2nd-mini-album,14.59,17.16,False,0.00,0,0,kpopalbums,False,2022-11-14
[EXTRAORDINARY ATTORNEY WOO] ENA Drama OST NEMO Version,https://www.kpopalbums.com/collections/lastest-release/products/extraordinary-attorney-woo-ena-drama-ost-nemo-version,10.56,12.42,False,0.00,0,0,kpopalbums,False,2022-11-14
BTS - [BTS WORLD TOUR LOVE YOURSELF : SPEAK YOURSELF [THE FINAL]] DIGITAL CODE,https://www.kpopalbums.com/collections/lastest-release/products/bts-bts-world-tour-love-yourself-speak-yourself-the-final-digital-code-extra-pob,55.17,64.91,False,0.00,0,0,kpopalbums,False,2022-11-14
BTS - [BTS WORLD TOUR LOVE YOURSELF : SPEAK YOURSELF [THE FINAL]] DVD,https://www.kpopalbums.com/collections/lastest-release/products/bts-bts-world-tour-love-yourself-speak-yourself-the-final-dvd-extra-pob,45.93,54.03,False,0.00,0,0,kpopalbums,False,2022-11-14
Forestella - [FORESTELLA IN FOREST!] PHOTOBOOK,https://www.kpopalbums.com/collections/lastest-release/products/forestella-forestella-in-forest-photobook,39.19,43.54,False,0.00,0,0,kpopalbums,True,2022-11-14
Highlight - [AFTER SUNSET] 4th Mini Album 3 Version SET,https://www.kpopalbums.com/collections/lastest-release/products/highlight-after-sunset-4th-mini-album-3-version-set,45.93,54.03,False,0.00,0,0,kpopalbums,False,2022-11-14
Highlight - [AFTER SUNSET] 4th Mini Album DAWN Version,https://www.kpopalbums.com/collections/lastest-release/products/highlight-after-sunset-4th-mini-album-dawn-version,15.84,18.63,False,0.00,0,0,kpopalbums,False,2022-11-14
Highlight - [AFTER SUNSET] 4th Mini Album Jewel Case 4 Version SET,https://www.kpopalbums.com/collections/lastest-release/products/highlight-after-sunset-4th-mini-album-jewel-case-4-version-set,40.65,47.82,False,0.00,0,0,kpopalbums,True,2022-11-14
Highlight - [AFTER SUNSET] 4th Mini Album Jewel Case DONGWOON Version,https://www.kpopalbums.com/collections/lastest-release/products/highlight-after-sunset-4th-mini-album-jewel-case-dongwoon-version,10.56,12.42,False,0.00,0,0,kpopalbums,False,2022-11-14
Highlight - [AFTER SUNSET] 4th Mini Album Jewel Case DUJUN Version,https://www.kpopalbums.com/collections/lastest-release/products/highlight-after-sunset-4th-mini-album-jewel-case-dujun-version,10.56,12.42,False,0.00,0,0,kpopalbums,False,2022-11-14
Highlight - [AFTER SUNSET] 4th Mini Album Jewel Case GIKWANG Version,https://www.kpopalbums.com/collections/lastest-release/products/highlight-after-sunset-4th-mini-album-jewel-case-gikwang-version,10.56,12.42,False,0.00,0,0,kpopalbums,False,2022-11-14
Highlight - [AFTER SUNSET] 4th Mini Album Jewel Case RANDOM Version,https://www.kpopalbums.com/collections/lastest-release/products/highlight-after-sunset-4th-mini-album-jewel-case-random-version,10.03,11.80,False,0.00,0,0,kpopalbums,False,2022-11-14
Highlight - [AFTER SUNSET] 4th Mini Album Jewel Case YOSEOP Version,https://www.kpopalbums.com/collections/lastest-release/products/highlight-after-sunset-4th-mini-album-jewel-case-yoseop-version,10.56,12.42,False,0.00,0,0,kpopalbums,True,2022-11-14
Highlight - [AFTER SUNSET] 4th Mini Album MIDNIGHT Version,https://www.kpopalbums.com/collections/lastest-release/products/highlight-after-sunset-4th-mini-album-midnight-version,15.84,18.63,False,0.00,0,0,kpopalbums,False,2022-11-14
Highlight - [AFTER SUNSET] 4th Mini Album NIGHT Version,https://www.kpopalbums.com/collections/lastest-release/products/highlight-after-sunset-4th-mini-album-night-version,15.84,18.63,False,0.00,0,0,kpopalbums,False,2022-11-14
Highlight - [AFTER SUNSET] 4th Mini Album RANDOM Version,https://www.kpopalbums.com/collections/lastest-release/products/highlight-after-sunset-4th-mini-album-random-version,15.04,17.70,False,0.00,0,0,kpopalbums,False,2022-11-14
JIAE - [LOVE IS LOVE],https://www.kpopalbums.com/collections/lastest-release/products/jiae-love-is-love,17.18,20.21,False,0.00,0,0,kpopalbums,True,2022-11-14
NATURE - [NATURE WORLD : CODE W] 3rd Mini Album,https://www.kpopalbums.com/collections/lastest-release/products/nature-nature-world-code-w-3rd-mini-album,13.24,15.58,False,0.00,0,0,kpopalbums,False,2022-11-14
PINK FANTASY - [Bizarre Story],https://www.kpopalbums.com/collections/lastest-release/products/pink-fantasy-bizarre-story,14.59,17.16,False,0.00,0,0,kpopalbums,False,2022-11-14
DEF. - [ABANDONED LOVE.] 2nd EP Album,https://www.kpopalbums.com/collections/lastest-release/products/def-abandoned-love-2nd-ep-album,14.59,17.16,False,0.00,0,0,kpopalbums,False,2022-11-14
MOON BIN (ASTRO) - [MAGAZINE] 2022 Official Photo Book,https://www.kpopalbums.com/collections/lastest-release/products/moon-bin-astro-magazine-2022-official-photo-book,44.45,49.39,False,4.00,0,1,kpopalbums,True,2022-11-14
MOONBIN & SANHA (ASTRO) - [MAGAZINE] 2022 Official Photo Book SET,https://www.kpopalbums.com/collections/lastest-release/products/moonbin-sanha-astro-magazine-2022-official-photo-book-set,88.90,98.78,False,0.00,0,0,kpopalbums,False,2022-11-14
YOON SAN-HA (ASTRO) - [MAGAZINE]  2022 Official Photo Book,https://www.kpopalbums.com/collections/lastest-release/products/yoon-san-ha-astro-magazine-2022-official-photo-book,44.45,49.39,False,0.00,0,0,kpopalbums,False,2022-11-14
YUN DDAN DDAN - [TO ONE'S OLD LOVE] 1st Album,https://www.kpopalbums.com/collections/lastest-release/products/yun-ddan-ddan-to-one-s-old-love-1st-album,19.20,22.59,False,0.00,0,0,kpopalbums,True,2022-11-14
9001 (NINETY O ONE) - [MANNEQUIN] 7th Single Album,https://www.kpopalbums.com/collections/lastest-release/products/9001-ninety-o-one-mannequin-7th-single-album,15.84,18.63,False,0.00,0,0,kpopalbums,False,2022-11-14
JANE POP - [MIDNIGHT MUSIC VOL.1] Nemo Album FULL Version,https://www.kpopalbums.com/collections/lastest-release/products/jane-pop-midnight-music-vol-1-nemo-album-full-version,11.89,13.99,False,0.00,0,0,kpopalbums,False,2022-11-14
TFN - [BEFORE SUNRISE Part. 4] POCA Album,https://www.kpopalbums.com/collections/lastest-release/products/tfn-before-sunrise-part-4-poca-album,10.56,12.42,False,0.00,0,0,kpopalbums,False,2022-11-14
EXO - [EXO's Travel the World on a Ladder - in Namhae] Photo Story Book D.O. Version,https://www.kpopalbums.com/collections/lastest-release/products/exo-exo-s-travel-the-world-on-a-ladder-in-namhae-photo-story-book-d-o-version,24.73,27.48,False,0.00,0,0,kpopalbums,True,2022-11-14
EXO - [EXO's Travel the World on a Ladder - in Namhae] Photo Story Book KAI Version,https://www.kpopalbums.com/collections/lastest-release/products/exo-exo-s-travel-the-world-on-a-ladder-in-namhae-photo-story-book-kai-version,24.73,27.48,False,0.00,0,0,kpopalbums,True,2022-11-14
EXO - [EXO's Travel the World on a Ladder - in Namhae] Photo Story Book SEHUN Version,https://www.kpopalbums.com/collections/lastest-release/products/exo-exo-s-travel-the-world-on-a-ladder-in-namhae-photo-story-book-sehun-version,24.73,27.48,False,0.00,0,0,kpopalbums,True,2022-11-14
EXO - [EXO's Travel the World on a Ladder - in Namhae] Photo Story Book SUHO Version,https://www.kpopalbums.com/collections/lastest-release/products/exo-exo-s-travel-the-world-on-a-ladder-in-namhae-photo-story-book-suho-version,24.73,27.48,False,0.00,0,0,kpopalbums,True,2022-11-14
EXO - [EXO's Travel the World on a Ladder - in Namhae] Photo Story Book XIUMIN Version,https://www.kpopalbums.com/collections/lastest-release/products/exo-exo-s-travel-the-world-on-a-ladder-in-namhae-photo-story-book-xiumin-version,24.73,27.48,False,0.00,0,0,kpopalbums,True,2022-11-14
HWAJA - [PLAYGROUND] 1st Album,https://www.kpopalbums.com/collections/lastest-release/products/hwaja-playground-1st-album,14.59,17.16,False,0.00,0,0,kpopalbums,False,2022-11-14
[THE LAW CAFE] KBS Drama OST,https://www.kpopalbums.com/collections/lastest-release/products/the-law-cafe-kbs-drama-ost,21.04,23.38,False,0.00,0,0,kpopalbums,False,2022-11-14
SUNWOOJUNGA - [Studio X {1. Phase}] EP Albums,https://www.kpopalbums.com/collections/lastest-release/products/sunwoojunga-studio-x-1-phase-ep-albums,20.35,23.94,False,0.00,0,0,kpopalbums,False,2022-11-14
YOUNITE - [YOUNI-ON] 3rd EP Album DIGIPACK Version,https://www.kpopalbums.com/collections/lastest-release/products/younite-youni-on-3rd-ep-album-digipack-version,9.79,11.52,False,0.00,0,0,kpopalbums,False,2022-11-14
YOUNITE - [YOUNI-ON] 3rd EP Album POCA Version,https://www.kpopalbums.com/collections/lastest-release/products/younite-youni-on-3rd-ep-album-poca-version,10.56,12.42,False,0.00,0,0,kpopalbums,False,2022-11-14
YOUNITE - [YOUNI-ON] 3rd EP Album Photo Book 2 Version SET,https://www.kpopalbums.com/collections/lastest-release/products/younite-youni-on-3rd-ep-album-photo-book-2-version-set,30.88,36.33,False,0.00,0,0,kpopalbums,False,2022-11-14
YOUNITE - [YOUNI-ON] 3rd EP Album Photo Book BLACK ON Version,https://www.kpopalbums.com/collections/lastest-release/products/younite-youni-on-3rd-ep-album-photo-book-black-on-version,15.84,18.63,False,0.00,0,0,kpopalbums,False,2022-11-14
YOUNITE - [YOUNI-ON] 3rd EP Album Photo Book RANDOM Version,https://www.kpopalbums.com/collections/lastest-release/products/younite-youni-on-3rd-ep-album-photo-book-random-version,15.04,17.70,False,0.00,0,0,kpopalbums,False,2022-11-14
YOUNITE - [YOUNI-ON] 3rd EP Album Photo Book RED ON Version,https://www.kpopalbums.com/collections/lastest-release/products/younite-youni-on-3rd-ep-album-photo-book-red-on-version,15.84,18.63,False,0.00,0,0,kpopalbums,False,2022-11-14
Golden Child - [THE] 2022 GOLDEN CHILD 1st Photo Book,https://www.kpopalbums.com/collections/lastest-release/products/golden-child-the-2022-golden-child-1st-photo-book,48.73,54.15,False,0.00,0,0,kpopalbums,True,2022-11-14
MONSTA X - [MX AGENT] 2022 MONSTA X 6th Official Fanclub MONBEBE Fan-concert BLU-RAY,https://www.kpopalbums.com/collections/lastest-release/products/monsta-x-mx-agent-2022-monsta-x-6th-official-fanclub-monbebe-fan-concert-blu-ray,63.13,74.27,False,0.00,0,0,kpopalbums,False,2022-11-14
WJSN - [Daily WJSN] WJSN 2022 Photo Book FILM MINI BOOK Version,https://www.kpopalbums.com/collections/lastest-release/products/wjsn-daily-wjsn-wjsn-2022-photo-book-film-mini-book-version,23.27,25.85,False,0.00,0,0,kpopalbums,True,2022-11-14
WJSN - [Daily WJSN] WJSN 2022 Photo Book PHOTO BOOK + FILM MINI BOOK SET,https://www.kpopalbums.com/collections/lastest-release/products/wjsn-daily-wjsn-wjsn-2022-photo-book-photo-book-film-mini-book-set,69.74,77.49,False,0.00,0,0,kpopalbums,True,2022-11-14
WJSN - [Daily WJSN] WJSN 2022 Photo Book PHOTO BOOK Version,https://www.kpopalbums.com/collections/lastest-release/products/wjsn-daily-wjsn-wjsn-2022-photo-book-photo-book-version,47.64,52.93,False,0.00,0,0,kpopalbums,True,2022-11-14
SURL - [of us] 1st Album,https://www.kpopalbums.com/collections/lastest-release/products/surl-of-us-1st-album,13.24,15.58,False,0.00,0,0,kpopalbums,False,2022-11-14
ALICE - [DANCE ON],https://www.kpopalbums.com/collections/lastest-release/products/alice-dance-on,14.78,17.39,False,5.00,0,2,kpopalbums,False,2022-11-14
ARO - [Always] 1st EP Album,https://www.kpopalbums.com/collections/lastest-release/products/aro-always-1st-ep-album,12.57,14.79,False,0.00,0,0,kpopalbums,True,2022-11-14
ATBO - [The Beginning : 始作] 2nd Mini PLATFORM Album MIND Version,https://www.kpopalbums.com/collections/lastest-release/products/atbo-the-beginning-2nd-mini-platform-album-mind-version,11.23,13.21,False,0.00,0,0,kpopalbums,False,2022-11-14
EPEX - [Prelude of Love Chapter 1. Puppy Love] 4th EP Album 2 Version SET,https://www.kpopalbums.com/collections/lastest-release/products/epex-prelude-of-love-chapter-1-puppy-love-4th-ep-album-2-version-set,28.45,33.47,False,0.00,0,0,kpopalbums,False,2022-11-14
EPEX - [Prelude of Love Chapter 1. Puppy Love] 4th EP Album LOVE Version,https://www.kpopalbums.com/collections/lastest-release/products/epex-prelude-of-love-chapter-1-puppy-love-4th-ep-album-love-version,14.59,17.16,False,0.00,0,0,kpopalbums,False,2022-11-14
EPEX - [Prelude of Love Chapter 1. Puppy Love] 4th EP Album PUPPY Version,https://www.kpopalbums.com/collections/lastest-release/products/epex-prelude-of-love-chapter-1-puppy-love-4th-ep-album-puppy-version,14.59,17.16,False,0.00,0,0,kpopalbums,False,2022-11-14
EPEX - [Prelude of Love Chapter 1. Puppy Love] 4th EP Album RANDOM Version,https://www.kpopalbums.com/collections/lastest-release/products/epex-prelude-of-love-chapter-1-puppy-love-4th-ep-album-random-version,13.86,16.31,False,0.00,0,0,kpopalbums,False,2022-11-14
JIN (BTS) - [The Astronaut] Version 01,https://www.kpopalbums.com/collections/lastest-release/products/jin-bts-the-astronaut-version-01-extra-pob,15.27,17.96,False,0.00,0,0,kpopalbums,False,2022-11-14
JIN (BTS) - [The Astronaut] Version 02,https://www.kpopalbums.com/collections/lastest-release/products/jin-bts-the-astronaut-version-02-extra-pob,15.27,17.96,False,0.00,0,0,kpopalbums,False,2022-11-14
JIN (BTS) - [The Astronaut] Version 2 Version SET,https://www.kpopalbums.com/collections/lastest-release/products/jin-bts-the-astronaut-version-2-version-set-extra-pob,29.77,35.02,False,0.00,0,0,kpopalbums,False,2022-11-14
JIN (BTS) - [The Astronaut] Version RANDOM Version,https://www.kpopalbums.com/collections/lastest-release/products/jin-bts-the-astronaut-version-random-version-extra-pob,14.50,17.06,False,0.00,0,0,kpopalbums,False,2022-11-14
NOEL - [Twenty] 20th Anniversary Album,https://www.kpopalbums.com/collections/lastest-release/products/noel-twenty-20th-anniversary-album,17.18,20.21,False,0.00,0,0,kpopalbums,False,2022-11-14
ROY KIM - [AND] 4th Album,https://www.kpopalbums.com/collections/lastest-release/products/roy-kim-and-4th-album,14.59,17.16,False,0.00,0,0,kpopalbums,False,2022-11-14
SON HYEEUN - [PIECES OF MEMORY] 2nd EP Album,https://www.kpopalbums.com/collections/lastest-release/products/son-hyeeun-pieces-of-memory-2nd-ep-album,13.24,15.58,False,0.00,0,0,kpopalbums,False,2022-11-14
ATBO - [The Beginning : 始作] 2nd Mini Album 2 Version SET,https://www.kpopalbums.com/collections/lastest-release/products/atbo-the-beginning-2nd-mini-album-2-version-set,28.45,33.47,False,0.00,0,0,kpopalbums,False,2022-11-14
ATBO - [The Beginning : 始作] 2nd Mini Album PROGRESS Version,https://www.kpopalbums.com/collections/lastest-release/products/atbo-the-beginning-2nd-mini-album-progress-version,14.59,17.16,False,0.00,0,0,kpopalbums,False,2022-11-14
ATBO - [The Beginning : 始作] 2nd Mini Album RANDOM Version,https://www.kpopalbums.com/collections/lastest-release/products/atbo-the-beginning-2nd-mini-album-random-version,13.86,16.31,False,0.00,0,0,kpopalbums,False,2022-11-14
ATBO - [The Beginning : 始作] 2nd Mini Album ROWING Version,https://www.kpopalbums.com/collections/lastest-release/products/atbo-the-beginning-2nd-mini-album-rowing-version,14.59,17.16,False,0.00,0,0,kpopalbums,False,2022-11-14
CLASS:y - [Day & Night] 2nd Mini Album,https://www.kpopalbums.com/collections/lastest-release/products/class-y-day-night-2nd-mini-album,11.89,13.99,False,0.00,0,0,kpopalbums,False,2022-11-14
CLASS:y - [Day & Night] 2nd Mini Meta Album PLATFORM Version,https://www.kpopalbums.com/collections/lastest-release/products/class-y-day-night-2nd-mini-meta-album-platform-version,8.93,10.50,False,0.00,0,0,kpopalbums,False,2022-11-14
J.UNA - [Natural],https://www.kpopalbums.com/collections/lastest-release/products/j-una-natural,10.56,12.42,False,0.00,0,0,kpopalbums,True,2022-11-14
Rie (OnlyOneOf) - [undergrOund idOl #4],https://www.kpopalbums.com/collections/lastest-release/products/rie-onlyoneof-underground-idol-4,13.24,15.58,False,0.00,0,0,kpopalbums,False,2022-11-14
SAAY - [S:INEMA] 2nd Album,https://www.kpopalbums.com/collections/lastest-release/products/saay-s-inema-2nd-album,14.59,17.16,False,0.00,0,0,kpopalbums,False,2022-11-14
Sunmo Yang - [My 20’s],https://www.kpopalbums.com/collections/lastest-release/products/sunmo-yang-my-20s,13.24,15.58,False,0.00,0,0,kpopalbums,False,2022-11-14
TFN - [BEFORE SUNRISE Part. 4] Mini Album,https://www.kpopalbums.com/collections/lastest-release/products/tfn-before-sunrise-part-4-mini-album,15.27,17.96,False,0.00,0,0,kpopalbums,False,2022-11-14
PATTERN - [FEELS LIKE MALIBU],https://www.kpopalbums.com/collections/lastest-release/products/pattern-feels-like-malibu,16.51,19.42,False,0.00,0,0,kpopalbums,False,2022-11-14
Rolling Quartz - [Hybrid] 2nd Single Album,https://www.kpopalbums.com/collections/lastest-release/products/rolling-quartz-hybrid-2nd-single-album,13.24,15.58,False,5.00,0,1,kpopalbums,False,2022-11-14
JO YURI - [Op.22 Y-Waltz : in Minor] 2nd Single Album 2 Version SET,https://www.kpopalbums.com/collections/lastest-release/products/jo-yuri-op-22-y-waltz-in-minor-2nd-single-album-2-version-set,23.21,27.30,False,0.00,0,0,kpopalbums,False,2022-11-14
JO YURI - [Op.22 Y-Waltz : in Minor] 2nd Single Album INSIDE Version,https://www.kpopalbums.com/collections/lastest-release/products/jo-yuri-op-22-y-waltz-in-minor-2nd-single-album-inside-version,11.89,13.99,False,0.00,0,0,kpopalbums,False,2022-11-14
JO YURI - [Op.22 Y-Waltz : in Minor] 2nd Single Album Limited Jewel Case Edition,https://www.kpopalbums.com/collections/lastest-release/products/jo-yuri-op-22-y-waltz-in-minor-2nd-single-album-limited-jewel-case-edition,8.64,10.16,False,0.00,0,0,kpopalbums,False,2022-11-14
JO YURI - [Op.22 Y-Waltz : in Minor] 2nd Single Album OUTSIDE Version,https://www.kpopalbums.com/collections/lastest-release/products/jo-yuri-op-22-y-waltz-in-minor-2nd-single-album-outside-version,11.89,13.99,False,0.00,0,0,kpopalbums,False,2022-11-14
JO YURI - [Op.22 Y-Waltz : in Minor] 2nd Single Album RANDOM Version,https://www.kpopalbums.com/collections/lastest-release/products/jo-yuri-op-22-y-waltz-in-minor-2nd-single-album-random-version,11.30,13.30,False,0.00,0,0,kpopalbums,False,2022-11-14
KIHYUN - [YOUTH] 1st Mini Album  RANDOM Version,https://www.kpopalbums.com/collections/lastest-release/products/kihyun-youth-1st-mini-album-random-version,15.04,17.70,False,0.00,0,0,kpopalbums,False,2022-11-14
KIHYUN - [YOUTH] 1st Mini Album 3 Version SET,https://www.kpopalbums.com/collections/lastest-release/products/kihyun-youth-1st-mini-album-3-version-set,45.93,54.03,False,0.00,0,0,kpopalbums,False,2022-11-14
KIHYUN - [YOUTH] 1st Mini Album GOODBYE YOUTH Version,https://www.kpopalbums.com/collections/lastest-release/products/kihyun-youth-1st-mini-album-goodbye-youth-version,15.84,18.63,False,0.00,0,0,kpopalbums,False,2022-11-14
KIHYUN - [YOUTH] 1st Mini Album JEWEL CASE 3 Version SET,https://www.kpopalbums.com/collections/lastest-release/products/kihyun-youth-1st-mini-album-jewel-case-3-version-set,30.62,36.02,False,0.00,0,0,kpopalbums,False,2022-11-14
KIHYUN - [YOUTH] 1st Mini Album Jewel Case RANDOM Version,https://www.kpopalbums.com/collections/lastest-release/products/kihyun-youth-1st-mini-album-jewel-case-random-version,10.03,11.80,False,0.00,0,0,kpopalbums,False,2022-11-14
KIHYUN - [YOUTH] 1st Mini Album Jewel Case Ver.1,https://www.kpopalbums.com/collections/lastest-release/products/kihyun-youth-1st-mini-album-jewel-case-ver-1,10.56,12.42,False,0.00,0,0,kpopalbums,False,2022-11-14
KIHYUN - [YOUTH] 1st Mini Album Jewel Case Ver.2,https://www.kpopalbums.com/collections/lastest-release/products/kihyun-youth-1st-mini-album-jewel-case-ver-2,10.56,12.42,False,0.00,0,0,kpopalbums,False,2022-11-14
KIHYUN - [YOUTH] 1st Mini Album Jewel Case Ver.3,https://www.kpopalbums.com/collections/lastest-release/products/kihyun-youth-1st-mini-album-jewel-case-ver-3,10.56,12.42,False,0.00,0,0,kpopalbums,False,2022-11-14
KIHYUN - [YOUTH] 1st Mini Album KIHNO KIT,https://www.kpopalbums.com/collections/lastest-release/products/kihyun-youth-1st-mini-album-kihno-kit,19.48,22.92,False,0.00,0,0,kpopalbums,False,2022-11-14
KIHYUN - [YOUTH] 1st Mini Album THE 2ND JOURNEY Version,https://www.kpopalbums.com/collections/lastest-release/products/kihyun-youth-1st-mini-album-the-2nd-journey-version,15.84,18.63,False,0.00,0,0,kpopalbums,False,2022-11-14
KIHYUN - [YOUTH] 1st Mini Album YOUTH Version,https://www.kpopalbums.com/collections/lastest-release/products/kihyun-youth-1st-mini-album-youth-version,15.84,18.63,False,0.00,0,0,kpopalbums,False,2022-11-14
KIM KWANG SEOK - [VOL.4],https://www.kpopalbums.com/collections/lastest-release/products/kim-kwang-seok-vol-4,11.89,13.99,False,0.00,0,0,kpopalbums,False,2022-11-14
Queenz Eye - [Queenz Table] 1st Single Album,https://www.kpopalbums.com/collections/lastest-release/products/queenz-eye-queenz-table-1st-single-album,11.89,13.99,False,0.00,0,0,kpopalbums,False,2022-11-14
ELAINE - [2] 2nd Album,https://www.kpopalbums.com/collections/lastest-release/products/elaine-2-2nd-album,13.24,15.58,False,0.00,0,0,kpopalbums,False,2022-11-14
ROAD-B - [ICARUS] 1st Single,https://www.kpopalbums.com/collections/lastest-release/products/road-b-icarus-1st-single,13.24,15.58,False,0.00,0,0,kpopalbums,False,2022-11-14
ACHIM - [PHILADELPHIA SESSION 1994] 2nd Album Repackage,https://www.kpopalbums.com/collections/lastest-release/products/achim-philadelphia-session-1994-2nd-album-repackage,17.47,20.55,False,0.00,0,0,kpopalbums,True,2022-11-14
DKZ - [CHASE EPISODE 3. BEUM] 7th Single Album PLATFORM Version,https://www.kpopalbums.com/collections/lastest-release/products/dkz-chase-episode-3-beum-7th-single-album-platform-version,11.89,13.99,False,0.00,0,0,kpopalbums,False,2022-11-14
WEi - [Love Pt.2 : Passion] 5th Mini Album 3 Version SET,https://www.kpopalbums.com/collections/lastest-release/products/wei-love-pt-2-passion-5th-mini-album-3-version-set,45.93,54.03,False,0.00,0,0,kpopalbums,False,2022-11-14
WEi - [Love Pt.2 : Passion] 5th Mini Album FIERCE LOVE Version,https://www.kpopalbums.com/collections/lastest-release/products/wei-love-pt-2-passion-5th-mini-album-fierce-love-version,15.84,18.63,False,0.00,0,0,kpopalbums,False,2022-11-14
WEi - [Love Pt.2 : Passion] 5th Mini Album GAIN A LOVE Version,https://www.kpopalbums.com/collections/lastest-release/products/wei-love-pt-2-passion-5th-mini-album-gain-a-love-version-2,15.84,18.63,False,0.00,0,0,kpopalbums,False,2022-11-14
WEi - [Love Pt.2 : Passion] 5th Mini Album PASSION OF LOVE Version,https://www.kpopalbums.com/collections/lastest-release/products/wei-love-pt-2-passion-5th-mini-album-passion-of-love-version,15.84,18.63,False,0.00,0,0,kpopalbums,False,2022-11-14
WEi - [Love Pt.2 : Passion] 5th Mini Album RANDOM Version,https://www.kpopalbums.com/collections/lastest-release/products/wei-love-pt-2-passion-5th-mini-album-random-version,15.04,17.70,False,0.00,0,0,kpopalbums,False,2022-11-14
WONHO - [Bittersweet] 2nd Single Album Jewel Case 3 Version SET,https://www.kpopalbums.com/collections/lastest-release/products/wonho-bittersweet-2nd-single-album-jewel-case-2-version-set,28.95,34.06,False,0.00,0,0,kpopalbums,False,2022-11-14
WONHO - [Bittersweet] 2nd Single Album Jewel Case RANDOM Version,https://www.kpopalbums.com/collections/lastest-release/products/wonho-bittersweet-2nd-single-album-jewel-case-random-version,9.49,11.16,False,0.00,0,0,kpopalbums,False,2022-11-14
WONHO - [Bittersweet] 2nd Single Album Jewel Case Ver.1,https://www.kpopalbums.com/collections/lastest-release/products/wonho-bittersweet-2nd-single-album-jewel-case-ver-1,9.98,11.74,False,0.00,0,0,kpopalbums,False,2022-11-14
WONHO - [Bittersweet] 2nd Single Album Jewel Case Ver.2,https://www.kpopalbums.com/collections/lastest-release/products/wonho-bittersweet-2nd-single-album-jewel-case-ver-2,9.98,11.74,False,0.00,0,0,kpopalbums,False,2022-11-14
WONHO - [Bittersweet] 2nd Single Album Jewel Case Ver.3,https://www.kpopalbums.com/collections/lastest-release/products/wonho-bittersweet-2nd-single-album-jewel-case-ver-3,9.98,11.74,False,0.00,0,0,kpopalbums,False,2022-11-14
(G)I-DLE - [I love] 5th Mini Album 3 Version SET,https://www.kpopalbums.com/collections/lastest-release/products/g-i-dle-i-love-5th-mini-album-3-version-set,47.87,56.32,False,5.00,0,4,kpopalbums,False,2022-11-14
(G)I-DLE - [I love] 5th Mini Album ACT Version,https://www.kpopalbums.com/collections/lastest-release/products/g-i-dle-i-love-5th-mini-album-act-version,18.45,19.42,False,0.00,0,0,kpopalbums,False,2022-11-14
(G)I-DLE - [I love] 5th Mini Album BORN Version,https://www.kpopalbums.com/collections/lastest-release/products/g-i-dle-i-love-5th-mini-album-born-version,16.51,19.42,False,0.00,0,0,kpopalbums,False,2022-11-14
(G)I-DLE - [I love] 5th Mini Album JEWEL CASE 5 Version SET,https://www.kpopalbums.com/collections/lastest-release/products/g-i-dle-i-love-5th-mini-album-jewel-case-5-version-set,50.68,59.62,False,0.00,0,0,kpopalbums,False,2022-11-14
(G)I-DLE - [I love] 5th Mini Album JEWEL CASE MINNIE Version,https://www.kpopalbums.com/collections/lastest-release/products/g-i-dle-i-love-5th-mini-album-jewel-case-minnie-version,10.56,12.42,False,0.00,0,0,kpopalbums,False,2022-11-14
(G)I-DLE - [I love] 5th Mini Album JEWEL CASE MIYEON Version,https://www.kpopalbums.com/collections/lastest-release/products/g-i-dle-i-love-5th-mini-album-jewel-case-miyeon-version,9.94,12.42,False,0.00,0,0,kpopalbums,False,2022-11-14
(G)I-DLE - [I love] 5th Mini Album JEWEL CASE RANDOM Version,https://www.kpopalbums.com/collections/lastest-release/products/g-i-dle-i-love-5th-mini-album-jewel-case-random-version,10.03,11.80,False,0.00,0,0,kpopalbums,False,2022-11-14
(G)I-DLE - [I love] 5th Mini Album JEWEL CASE SHUHUA Version,https://www.kpopalbums.com/collections/lastest-release/products/g-i-dle-i-love-5th-mini-album-jewel-case-shuhua-version,10.56,12.42,False,0.00,0,0,kpopalbums,True,2022-11-14
(G)I-DLE - [I love] 5th Mini Album JEWEL CASE SOYEON Version,https://www.kpopalbums.com/collections/lastest-release/products/g-i-dle-i-love-5th-mini-album-jewel-case-soyeon-version,10.56,12.42,False,0.00,0,0,kpopalbums,False,2022-11-14
(G)I-DLE - [I love] 5th Mini Album JEWEL CASE YUQI Version,https://www.kpopalbums.com/collections/lastest-release/products/g-i-dle-i-love-5th-mini-album-jewel-case-yuqi-version,10.56,12.42,False,0.00,0,0,kpopalbums,False,2022-11-14
(G)I-DLE - [I love] 5th Mini Album RANDOM Version,https://www.kpopalbums.com/collections/lastest-release/products/g-i-dle-i-love-5th-mini-album-random-version,15.68,18.45,False,0.00,0,0,kpopalbums,False,2022-11-14
(G)I-DLE - [I love] 5th Mini Album X-FILE Version,https://www.kpopalbums.com/collections/lastest-release/products/g-i-dle-i-love-5th-mini-album-x-file-version,16.51,19.42,False,5.00,0,1,kpopalbums,False,2022-11-14
LEE CHANHYUK (AKMU) - [ERROR] 1st Solo Album,https://www.kpopalbums.com/collections/lastest-release/products/lee-chanhyuk-akmu-error-1st-solo-album,17.18,20.21,False,0.00,0,0,kpopalbums,False,2022-11-14
N.Flying - [Dearest] 8th Mini Album 2 Version SET,https://www.kpopalbums.com/collections/lastest-release/products/n-flying-dearest-8th-mini-album-2-version-set,27.14,31.93,False,0.00,0,0,kpopalbums,True,2022-11-14
N.Flying - [Dearest] 8th Mini Album FROM Version,https://www.kpopalbums.com/collections/lastest-release/products/n-flying-dearest-8th-mini-album-from-version,13.91,16.37,False,0.00,0,0,kpopalbums,True,2022-11-14
N.Flying - [Dearest] 8th Mini Album RANDOM Version,https://www.kpopalbums.com/collections/lastest-release/products/n-flying-dearest-8th-mini-album-random-version,13.23,15.56,False,0.00,0,0,kpopalbums,True,2022-11-14
N.Flying - [Dearest] 8th Mini Album TO Version,https://www.kpopalbums.com/collections/lastest-release/products/n-flying-dearest-8th-mini-album-to-version,13.91,16.37,False,0.00,0,0,kpopalbums,True,2022-11-14
OMEGA X - [VAMOS] 1st Mini Album 2 Version SET,https://www.kpopalbums.com/collections/lastest-release/products/omega-x-vamos-1st-mini-album-2-version-set,30.88,36.33,False,0.00,0,0,kpopalbums,False,2022-11-14
OMEGA X - [VAMOS] 1st Mini Album O Version,https://www.kpopalbums.com/collections/lastest-release/products/omega-x-vamos-1st-mini-album-o-version,16.77,18.63,False,0.00,0,0,kpopalbums,False,2022-11-14
OMEGA X - [VAMOS] 1st Mini Album RANDOM Version,https://www.kpopalbums.com/collections/lastest-release/products/omega-x-vamos-1st-mini-album-random-version,15.04,17.70,False,0.00,0,0,kpopalbums,False,2022-11-14
OMEGA X - [VAMOS] 1st Mini Album X Version,https://www.kpopalbums.com/collections/lastest-release/products/omega-x-vamos-1st-mini-album-x-version,15.84,18.63,False,0.00,0,0,kpopalbums,False,2022-11-14
ONEWE - [STUDIO WE : Recording #3] 3rd Demo Album,https://www.kpopalbums.com/collections/lastest-release/products/onewe-studio-we-recording-3-3rd-demo-album,10.56,12.42,False,0.00,0,0,kpopalbums,False,2022-11-14
YOUNGJOO SONG - [Atmosphere] 10th Album,https://www.kpopalbums.com/collections/lastest-release/products/youngjoo-song-atmosphere-10th-album,13.15,15.47,False,0.00,0,0,kpopalbums,False,2022-11-14
LE SSERAFIM - [ANTIFRAGILE] 2nd Mini Album 3 Version SET,https://www.kpopalbums.com/collections/lastest-release/products/le-sserafim-antifragile-2nd-mini-album-3-version-set,47.87,56.32,False,5.00,0,1,kpopalbums,False,2022-11-14
LE SSERAFIM - [ANTIFRAGILE] 2nd Mini Album COMPACT 5 Version SET,https://www.kpopalbums.com/collections/lastest-release/products/le-sserafim-antifragile-2nd-mini-album-compact-5-version-set-1-hologram-photo-card,47.92,56.38,False,5.00,0,1,kpopalbums,False,2022-11-14
LE SSERAFIM - [ANTIFRAGILE] 2nd Mini Album COMPACT DIAMOND Version,https://www.kpopalbums.com/collections/lastest-release/products/le-sserafim-antifragile-2nd-mini-album-compact-huh-yun-jin-version-1-hologram-photo-card,9.98,11.74,False,0.00,0,0,kpopalbums,False,2022-11-14
LE SSERAFIM - [ANTIFRAGILE] 2nd Mini Album COMPACT EMERALD Version,https://www.kpopalbums.com/collections/lastest-release/products/le-sserafim-antifragile-2nd-mini-album-compact-hong-eun-chae-version-1-hologram-photo-card,9.98,11.74,False,0.00,0,0,kpopalbums,False,2022-11-14
LE SSERAFIM - [ANTIFRAGILE] 2nd Mini Album COMPACT PINK DIAMOND Version,https://www.kpopalbums.com/collections/lastest-release/products/le-sserafim-antifragile-2nd-mini-album-compact-kazuha-version-1-hologram-photo-card,9.98,11.74,False,0.00,0,0,kpopalbums,False,2022-11-14
LE SSERAFIM - [ANTIFRAGILE] 2nd Mini Album COMPACT RANDOM Version,https://www.kpopalbums.com/collections/lastest-release/products/le-sserafim-antifragile-2nd-mini-album-compact-random-version-1-hologram-photo-card,9.49,11.16,False,0.00,0,0,kpopalbums,False,2022-11-14
LE SSERAFIM - [ANTIFRAGILE] 2nd Mini Album COMPACT RUBY Version,https://www.kpopalbums.com/collections/lastest-release/products/le-sserafim-antifragile-2nd-mini-album-compact-kim-chae-won-version-1-hologram-photo-card,9.98,11.74,False,5.00,0,1,kpopalbums,False,2022-11-14
LE SSERAFIM - [ANTIFRAGILE] 2nd Mini Album COMPACT SAPPHIRE Version,https://www.kpopalbums.com/collections/lastest-release/products/le-sserafim-antifragile-2nd-mini-album-compact-sakura-version-1-hologram-photo-card,9.98,11.74,False,5.00,0,2,kpopalbums,False,2022-11-14
LE SSERAFIM - [ANTIFRAGILE] 2nd Mini Album RANDOM Version,https://www.kpopalbums.com/collections/lastest-release/products/le-sserafim-antifragile-2nd-mini-album-random-version,15.68,18.45,False,0.00,0,0,kpopalbums,False,2022-11-14
LE SSERAFIM - [ANTIFRAGILE] 2nd Mini Album Vol.1,https://www.kpopalbums.com/collections/lastest-release/products/le-sserafim-antifragile-2nd-mini-album-vol-1,16.51,19.42,False,5.00,0,1,kpopalbums,False,2022-11-14
LE SSERAFIM - [ANTIFRAGILE] 2nd Mini Album Vol.2,https://www.kpopalbums.com/collections/lastest-release/products/le-sserafim-antifragile-2nd-mini-album-vol-2,16.51,19.42,False,0.00,0,0,kpopalbums,False,2022-11-14
LE SSERAFIM - [ANTIFRAGILE] 2nd Mini Album Vol.3,https://www.kpopalbums.com/collections/lastest-release/products/le-sserafim-antifragile-2nd-mini-album-vol-3,16.51,19.42,False,0.00,0,0,kpopalbums,False,2022-11-14
LE SSERAFIM - [ANTIFRAGILE] 2nd Mini Album WEVERSE ALBUMS Version,https://www.kpopalbums.com/collections/lastest-release/products/le-sserafim-antifragile-2nd-mini-album-weverse-albums-version,9.02,10.61,False,0.00,0,0,kpopalbums,False,2022-11-14
LIMELIGHT - [LIMELIGHT],https://www.kpopalbums.com/collections/lastest-release/products/limelight-limelight,11.89,13.99,False,0.00,0,0,kpopalbums,False,2022-11-14
The Black Underground - [Aluminum Hipster],https://www.kpopalbums.com/collections/lastest-release/products/the-black-underground-aluminum-hipster,10.17,11.97,False,0.00,0,0,kpopalbums,True,2022-11-14
ANTS - [Trace] Nemo Album Full Version,https://www.kpopalbums.com/collections/lastest-release/products/ants-trace-nemo-album-full-version,11.89,13.99,False,0.00,0,0,kpopalbums,False,2022-11-14
DKZ - [CHASE EPISODE 3. BEUM] 7th Single Album 2 Version SET,https://www.kpopalbums.com/collections/lastest-release/products/dkz-chase-episode-3-beum-7th-single-album-2-version-set,30.88,36.33,False,0.00,0,0,kpopalbums,False,2022-11-14
DKZ - [CHASE EPISODE 3. BEUM] 7th Single Album FEAR Version,https://www.kpopalbums.com/collections/lastest-release/products/dkz-chase-episode-3-beum-7th-single-album-fear-version,15.84,18.63,False,0.00,0,0,kpopalbums,False,2022-11-14
DKZ - [CHASE EPISODE 3. BEUM] 7th Single Album FEARLESS Version,https://www.kpopalbums.com/collections/lastest-release/products/dkz-chase-episode-3-beum-7th-single-album-fearless-version,15.84,18.63,False,0.00,0,0,kpopalbums,False,2022-11-14
DKZ - [CHASE EPISODE 3. BEUM] 7th Single Album RANDOM Version,https://www.kpopalbums.com/collections/lastest-release/products/dkz-chase-episode-3-beum-7th-single-album-random-version,15.04,17.70,False,0.00,0,0,kpopalbums,False,2022-11-14
KIM YONG JUN - [Suddenly] 1st Mini Album,https://www.kpopalbums.com/collections/lastest-release/products/kim-yong-jun-suddenly-1st-mini-album,14.59,17.16,False,0.00,0,0,kpopalbums,False,2022-11-14
KIM YONG JUN - [Suddenly] 1st Mini Album META PLATFORM Version,https://www.kpopalbums.com/collections/lastest-release/products/kim-yong-jun-suddenly-1st-mini-album-meta-platform-version,11.23,13.21,False,0.00,0,0,kpopalbums,False,2022-11-14
Kep1er - [TROUBLESHOOTER] 3rd Mini Album 3 Version SET,https://www.kpopalbums.com/collections/lastest-release/products/kep1er-troubleshooter-3rd-mini-album-3-version-set,42.31,49.78,False,0.00,0,0,kpopalbums,False,2022-11-14
Kep1er - [TROUBLESHOOTER] 3rd Mini Album DAYDREAM Version,https://www.kpopalbums.com/collections/lastest-release/products/kep1er-troubleshooter-3rd-mini-album-daydream-version,14.59,17.16,False,0.00,0,0,kpopalbums,False,2022-11-14
Kep1er - [TROUBLESHOOTER] 3rd Mini Album DIGIPACK 9 Version SET,https://www.kpopalbums.com/collections/lastest-release/products/kep1er-troubleshooter-3rd-mini-album-digipack-9-version-set,83.34,98.05,False,0.00,0,0,kpopalbums,False,2022-11-14
Kep1er - [TROUBLESHOOTER] 3rd Mini Album DIGIPACK CHAEHYUN Version,https://www.kpopalbums.com/collections/lastest-release/products/kep1er-troubleshooter-3rd-mini-album-digipack-chaehyun-version,9.70,11.41,False,0.00,0,0,kpopalbums,False,2022-11-14
Kep1er - [TROUBLESHOOTER] 3rd Mini Album DIGIPACK DAYEON Version,https://www.kpopalbums.com/collections/lastest-release/products/kep1er-troubleshooter-3rd-mini-album-digipack-dayeon-version,9.70,11.41,False,0.00,0,0,kpopalbums,False,2022-11-14
Kep1er - [TROUBLESHOOTER] 3rd Mini Album DIGIPACK HIKARU Version,https://www.kpopalbums.com/collections/lastest-release/products/kep1er-troubleshooter-3rd-mini-album-digipack-hikaru-version,9.70,11.41,False,0.00,0,0,kpopalbums,False,2022-11-14
Kep1er - [TROUBLESHOOTER] 3rd Mini Album DIGIPACK HUENING BAHIYYIH Version,https://www.kpopalbums.com/collections/lastest-release/products/kep1er-troubleshooter-3rd-mini-album-digipack-huening-bahiyyih-version,9.70,11.41,False,0.00,0,0,kpopalbums,False,2022-11-14
Kep1er - [TROUBLESHOOTER] 3rd Mini Album DIGIPACK MASHIRO Version,https://www.kpopalbums.com/collections/lastest-release/products/kep1er-troubleshooter-3rd-mini-album-digipack-mashiro-version,9.70,11.41,False,0.00,0,0,kpopalbums,False,2022-11-14
Kep1er - [TROUBLESHOOTER] 3rd Mini Album DIGIPACK RANDOM Version,https://www.kpopalbums.com/collections/lastest-release/products/kep1er-troubleshooter-3rd-mini-album-digipack-random-version,9.21,10.83,False,0.00,0,0,kpopalbums,False,2022-11-14
Kep1er - [TROUBLESHOOTER] 3rd Mini Album DIGIPACK XIAOTING Version,https://www.kpopalbums.com/collections/lastest-release/products/kep1er-troubleshooter-3rd-mini-album-digipack-xiaoting-version,9.70,11.41,False,0.00,0,0,kpopalbums,False,2022-11-14
Kep1er - [TROUBLESHOOTER] 3rd Mini Album DIGIPACK YESEO Version,https://www.kpopalbums.com/collections/lastest-release/products/kep1er-troubleshooter-3rd-mini-album-digipack-yeseo-version,9.70,11.41,False,0.00,0,0,kpopalbums,False,2022-11-14
Kep1er - [TROUBLESHOOTER] 3rd Mini Album DIGIPACK YOUNGEUN Version,https://www.kpopalbums.com/collections/lastest-release/products/kep1er-troubleshooter-3rd-mini-album-digipack-youngeun-version,9.70,11.41,False,0.00,0,0,kpopalbums,False,2022-11-14
Kep1er - [TROUBLESHOOTER] 3rd Mini Album DIGIPACK YUJIN Version,https://www.kpopalbums.com/collections/lastest-release/products/kep1er-troubleshooter-3rd-mini-album-digipack-yujin-version,9.70,11.41,False,0.00,0,0,kpopalbums,False,2022-11-14
Kep1er - [TROUBLESHOOTER] 3rd Mini Album K Version,https://www.kpopalbums.com/collections/lastest-release/products/kep1er-troubleshooter-3rd-mini-album-k-version,14.59,17.16,False,0.00,0,0,kpopalbums,False,2022-11-14
Kep1er - [TROUBLESHOOTER] 3rd Mini Album MIDNIGHT Version,https://www.kpopalbums.com/collections/lastest-release/products/kep1er-troubleshooter-3rd-mini-album-midnight-version,14.59,17.16,False,0.00,0,0,kpopalbums,False,2022-11-14
Kep1er - [TROUBLESHOOTER] 3rd Mini Album RANDOM Version,https://www.kpopalbums.com/collections/lastest-release/products/kep1er-troubleshooter-3rd-mini-album-random-version,13.86,16.31,False,0.00,0,0,kpopalbums,False,2022-11-14
STRAY KIDS - [MAXIDENT] CASE Edition 8 Version SET,https://www.kpopalbums.com/collections/lastest-release/products/stray-kids-maxident-case-edition-8-version-set,80.77,95.02,False,0.00,0,0,kpopalbums,False,2022-11-14
STRAY KIDS - [MAXIDENT] CASE Edition BANG CHAN Version,https://www.kpopalbums.com/collections/lastest-release/products/stray-kids-maxident-case-edition-bang-chan-version,10.56,12.42,False,0.00,0,0,kpopalbums,False,2022-11-14
STRAY KIDS - [MAXIDENT] CASE Edition CHANGBIN Version,https://www.kpopalbums.com/collections/lastest-release/products/stray-kids-maxident-case-edition-changbin-version,10.56,12.42,False,0.00,0,0,kpopalbums,False,2022-11-14
STRAY KIDS - [MAXIDENT] CASE Edition FELIX Version,https://www.kpopalbums.com/collections/lastest-release/products/stray-kids-maxident-case-edition-felix-version,10.56,12.42,False,0.00,0,0,kpopalbums,False,2022-11-14
STRAY KIDS - [MAXIDENT] CASE Edition HAN Version,https://www.kpopalbums.com/collections/lastest-release/products/stray-kids-maxident-case-edition-han-version,10.56,12.42,False,0.00,0,0,kpopalbums,False,2022-11-14
STRAY KIDS - [MAXIDENT] CASE Edition HYUNJIN Version,https://www.kpopalbums.com/collections/lastest-release/products/stray-kids-maxident-case-edition-hyunjin-version,10.56,12.42,False,0.00,0,0,kpopalbums,False,2022-11-14
STRAY KIDS - [MAXIDENT] CASE Edition I.N Version,https://www.kpopalbums.com/collections/lastest-release/products/stray-kids-maxident-case-edition-i-n-version,10.56,12.42,False,5.00,0,1,kpopalbums,False,2022-11-14
STRAY KIDS - [MAXIDENT] CASE Edition LEE KNOW Version,https://www.kpopalbums.com/collections/lastest-release/products/stray-kids-maxident-case-edition-lee-know-version,10.56,12.42,False,5.00,0,1,kpopalbums,False,2022-11-14
STRAY KIDS - [MAXIDENT] CASE Edition RANDOM Version,https://www.kpopalbums.com/collections/lastest-release/products/stray-kids-maxident-case-edition-random-version,9.44,11.80,False,0.00,0,0,kpopalbums,False,2022-11-14
STRAY KIDS - [MAXIDENT] CASE Edition SEUNGMIN Version,https://www.kpopalbums.com/collections/lastest-release/products/stray-kids-maxident-case-edition-seungmin-version,10.56,12.42,False,0.00,0,0,kpopalbums,False,2022-11-14
WONHO - [Bittersweet] 2nd Single Album 3 Version SET,https://www.kpopalbums.com/collections/lastest-release/products/wonho-bittersweet-2nd-single-album-3-version-set,38.40,45.18,False,5.00,0,1,kpopalbums,False,2022-11-14
WONHO - [Bittersweet] 2nd Single Album RANDOM Version,https://www.kpopalbums.com/collections/lastest-release/products/wonho-bittersweet-2nd-single-album-random-version,12.58,14.80,False,0.00,0,0,kpopalbums,False,2022-11-14
WONHO - [Bittersweet] 2nd Single Album Ver. 1,https://www.kpopalbums.com/collections/lastest-release/products/wonho-bittersweet-2nd-single-album-ver-1,13.24,15.58,False,0.00,0,0,kpopalbums,False,2022-11-14
WONHO - [Bittersweet] 2nd Single Album Ver. 2,https://www.kpopalbums.com/collections/lastest-release/products/wonho-bittersweet-2nd-single-album-ver-2,13.24,15.58,False,0.00,0,0,kpopalbums,False,2022-11-14
WONHO - [Bittersweet] 2nd Single Album Ver. 3,https://www.kpopalbums.com/collections/lastest-release/products/wonho-bittersweet-2nd-single-album-ver-3,13.24,15.58,False,0.00,0,0,kpopalbums,False,2022-11-14
KWON EUN BI - [Lethality] 3rd Mini Album PHOTOBOOK 2 Version SET,https://www.kpopalbums.com/collections/lastest-release/products/kwon-eun-bi-lethality-3rd-mini-album-photobook-2-version-set,27.14,31.93,False,0.00,0,0,kpopalbums,False,2022-11-14
KWON EUN BI - [Lethality] 3rd Mini Album PHOTOBOOK A Version,https://www.kpopalbums.com/collections/lastest-release/products/kwon-eun-bi-lethality-3rd-mini-album-photobook-a-version,13.91,16.37,False,0.00,0,0,kpopalbums,False,2022-11-14
KWON EUN BI - [Lethality] 3rd Mini Album PHOTOBOOK B Version,https://www.kpopalbums.com/collections/lastest-release/products/kwon-eun-bi-lethality-3rd-mini-album-photobook-b-version,13.91,16.37,False,0.00,0,0,kpopalbums,False,2022-11-14
KWON EUN BI - [Lethality] 3rd Mini Album PHOTOBOOK RANDOM Version,https://www.kpopalbums.com/collections/lastest-release/products/kwon-eun-bi-lethality-3rd-mini-album-photobook-random-version,13.23,15.56,False,0.00,0,0,kpopalbums,False,2022-11-14
KWON EUN BI - [Lethality] 3rd Mini Album POCA Version,https://www.kpopalbums.com/collections/lastest-release/products/kwon-eun-bi-lethality-3rd-mini-album-poca-version,10.56,12.42,False,0.00,0,0,kpopalbums,False,2022-11-14
LEE CHAEYEON - [HUSH RUSH] 1st Mini Album 2 Version SET,https://www.kpopalbums.com/collections/lastest-release/products/lee-chaeyeon-hush-rush-1st-mini-album-2-version-set,41.17,48.44,False,0.00,0,0,kpopalbums,False,2022-11-14
LEE CHAEYEON - [HUSH RUSH] 1st Mini Album INFLUENCER Version,https://www.kpopalbums.com/collections/lastest-release/products/lee-chaeyeon-hush-rush-1st-mini-album-a-version,21.11,24.84,False,0.00,0,0,kpopalbums,False,2022-11-14
LEE CHAEYEON - [HUSH RUSH] 1st Mini Album KIHNO KIT,https://www.kpopalbums.com/collections/lastest-release/products/lee-chaeyeon-hush-rush-1st-mini-album-kihno-kit,17.18,20.21,False,0.00,0,0,kpopalbums,False,2022-11-14
LEE CHAEYEON - [HUSH RUSH] 1st Mini Album RANDOM Version,https://www.kpopalbums.com/collections/lastest-release/products/lee-chaeyeon-hush-rush-1st-mini-album-random-version,20.06,23.60,False,5.00,0,1,kpopalbums,False,2022-11-14
LEE CHAEYEON - [HUSH RUSH] 1st Mini Album VAMPIRE Version,https://www.kpopalbums.com/collections/lastest-release/products/lee-chaeyeon-hush-rush-1st-mini-album-b-version,21.11,24.84,False,0.00,0,0,kpopalbums,False,2022-11-14
PARK JI HOON - [THE ANSWER] 6th Mini Album 2 Version SET,https://www.kpopalbums.com/collections/lastest-release/products/park-ji-hoon-the-answer-6th-mini-album-2-version-set,33.50,39.41,False,0.00,0,0,kpopalbums,False,2022-11-14
PARK JI HOON - [THE ANSWER] 6th Mini Album DAY Version,https://www.kpopalbums.com/collections/lastest-release/products/park-ji-hoon-the-answer-6th-mini-album-day-version,17.18,20.21,False,0.00,0,0,kpopalbums,False,2022-11-14
PARK JI HOON - [THE ANSWER] 6th Mini Album NIGHT Version,https://www.kpopalbums.com/collections/lastest-release/products/park-ji-hoon-the-answer-6th-mini-album-night-version,17.18,20.21,False,0.00,0,0,kpopalbums,False,2022-11-14
PARK JI HOON - [THE ANSWER] 6th Mini Album PLATFORM Version,https://www.kpopalbums.com/collections/lastest-release/products/park-ji-hoon-the-answer-6th-mini-album-platform-version,11.23,13.21,False,0.00,0,0,kpopalbums,False,2022-11-14
PARK JI HOON - [THE ANSWER] 6th Mini Album RANDOM Version,https://www.kpopalbums.com/collections/lastest-release/products/park-ji-hoon-the-answer-6th-mini-album-random-version,16.32,19.20,False,0.00,0,0,kpopalbums,False,2022-11-14
BAEKHO - [Absolute Zero] 1st Mini Album 2 Version SET,https://www.kpopalbums.com/collections/lastest-release/products/baekho-absolute-zero-1st-mini-album-2-version-set,33.50,39.41,False,0.00,0,0,kpopalbums,False,2022-11-14
BAEKHO - [Absolute Zero] 1st Mini Album BURNING Version,https://www.kpopalbums.com/collections/lastest-release/products/baekho-absolute-zero-1st-mini-album-burning-version,17.18,20.21,False,0.00,0,0,kpopalbums,False,2022-11-14
BAEKHO - [Absolute Zero] 1st Mini Album DELUXE Version,https://www.kpopalbums.com/collections/lastest-release/products/baekho-absolute-zero-1st-mini-album-deluxe-version,26.39,31.05,False,0.00,0,0,kpopalbums,False,2022-11-14
BAEKHO - [Absolute Zero] 1st Mini Album MELTING Version,https://www.kpopalbums.com/collections/lastest-release/products/baekho-absolute-zero-1st-mini-album-melting-version,17.18,20.21,False,0.00,0,0,kpopalbums,False,2022-11-14
BAEKHO - [Absolute Zero] 1st Mini Album RANDOM Version,https://www.kpopalbums.com/collections/lastest-release/products/baekho-absolute-zero-1st-mini-album-random-version,16.32,19.20,False,0.00,0,0,kpopalbums,False,2022-11-14
BAEKHO - [Absolute Zero] 1st Mini Album WEVERSE Albums Version,https://www.kpopalbums.com/collections/lastest-release/products/baekho-absolute-zero-1st-mini-album-weverse-albums-version,9.31,10.95,False,0.00,0,0,kpopalbums,False,2022-11-14
DKZ - [CHASE EPISODE 3. BEUM] 7th Single Album CHASE SERIES PACKAGE Edition 2 Version SET,https://www.kpopalbums.com/collections/lastest-release/products/dkz-chase-episode-3-beum-7th-single-album-chase-series-package-edition-2-version-set,38.75,45.59,False,0.00,0,0,kpopalbums,False,2022-11-14
DKZ - [CHASE EPISODE 3. BEUM] 7th Single Album CHASE SERIES PACKAGE Edition FEAR Version,https://www.kpopalbums.com/collections/lastest-release/products/dkz-chase-episode-3-beum-7th-single-album-chase-series-package-edition-fear-version,19.87,23.38,False,0.00,0,0,kpopalbums,False,2022-11-14
DKZ - [CHASE EPISODE 3. BEUM] 7th Single Album CHASE SERIES PACKAGE Edition FEARLESS Version,https://www.kpopalbums.com/collections/lastest-release/products/dkz-chase-episode-3-beum-7th-single-album-chase-series-package-edition-fearless-version,19.87,23.38,False,0.00,0,0,kpopalbums,False,2022-11-14
DKZ - [CHASE EPISODE 3. BEUM] 7th Single Album CHASE SERIES PACKAGE Edition RANDOM Version,https://www.kpopalbums.com/collections/lastest-release/products/dkz-chase-episode-3-beum-7th-single-album-chase-series-package-edition-random-version,18.88,22.21,False,0.00,0,0,kpopalbums,False,2022-11-14
JUNE - [LUV SIGN] EP Album,https://www.kpopalbums.com/collections/lastest-release/products/june-luv-sign-ep-album,12.57,14.79,False,0.00,0,0,kpopalbums,False,2022-11-14
MAMAMOO - [MIC ON] 12th Mini Album 1TAKES Version,https://www.kpopalbums.com/collections/lastest-release/products/mamamoo-mic-on-12th-mini-album-1takes-version,11.89,13.99,False,0.00,0,0,kpopalbums,True,2022-11-14
MAMAMOO - [MIC ON] 12th Mini Album MAIN Version,https://www.kpopalbums.com/collections/lastest-release/products/mamamoo-mic-on-12th-mini-album-main-version,15.84,18.63,False,5.00,0,3,kpopalbums,False,2022-11-14
MAMAMOO - [MIC ON] 12th Mini Album NEMO Version,https://www.kpopalbums.com/collections/lastest-release/products/mamamoo-mic-on-12th-mini-album-nemo-version,13.24,15.58,False,5.00,0,2,kpopalbums,False,2022-11-14
TAN - [DREAM & DEURIM] 1st Single Meta Platform Album 2 Version SET,https://www.kpopalbums.com/collections/lastest-release/products/tan-dream-deurim-1st-single-meta-platform-album-2-version-set,17.03,20.04,False,5.00,0,1,kpopalbums,True,2022-11-14
TAN - [DREAM & DEURIM] 1st Single Meta Platform Album DEURIM Version,https://www.kpopalbums.com/collections/lastest-release/products/tan-dream-deurim-1st-single-meta-platform-album-deurim-version,8.74,10.28,False,0.00,0,0,kpopalbums,True,2022-11-14
TAN - [DREAM & DEURIM] 1st Single Meta Platform Album DREAM Version,https://www.kpopalbums.com/collections/lastest-release/products/tan-dream-deurim-1st-single-meta-platform-album-dream-version,8.74,10.28,False,0.00,0,0,kpopalbums,True,2022-11-14
TAN - [DREAM & DEURIM] 1st Single Meta Platform Album RANDOM Version,https://www.kpopalbums.com/collections/lastest-release/products/tan-dream-deurim-1st-single-meta-platform-album-random-version,8.30,9.76,False,0.00,0,0,kpopalbums,True,2022-11-14
UP10TION - [Code Name: Arrow] 11th Mini Album 2 Version SET,https://www.kpopalbums.com/collections/lastest-release/products/up10tion-code-name-arrow-11th-mini-album-2-version-set,30.88,36.33,False,0.00,0,0,kpopalbums,False,2022-11-14
UP10TION - [Code Name: Arrow] 11th Mini Album LOVE HUNTER Version,https://www.kpopalbums.com/collections/lastest-release/products/up10tion-code-name-arrow-11th-mini-album-love-hunter-version,15.84,18.63,False,0.00,0,0,kpopalbums,False,2022-11-14
UP10TION - [Code Name: Arrow] 11th Mini Album LOVE SCOPE Version,https://www.kpopalbums.com/collections/lastest-release/products/up10tion-code-name-arrow-11th-mini-album-love-scope-version,15.84,18.63,False,0.00,0,0,kpopalbums,False,2022-11-14
UP10TION - [Code Name: Arrow] 11th Mini Album RANDOM Version,https://www.kpopalbums.com/collections/lastest-release/products/up10tion-code-name-arrow-11th-mini-album-random-version,15.04,17.70,False,0.00,0,0,kpopalbums,False,2022-11-14
