item,url,price,is_autograph,avg_review_value,number_of_questions,number_of_reviews,vendor,is_sold_out,ds
영탁 | YOUNG TAK 1ST ALBUM [ MMM ] PHOTOBOOK VER.,https://www.musicplaza.com/collections/adult-contemporary/products/%EC%98%81%ED%83%81-young-tak-1st-album-mmm-photobook-ver,27.99,False,0.00,0,0,musicplaza,False,2022-11-15
영탁 | YOUNG TAK 1ST ALBUM [ MMM ] DIGIPACK VER.,https://www.musicplaza.com/collections/adult-contemporary/products/%EC%98%81%ED%83%81-young-tak-1st-album-mmm-digipack-ver,18.99,False,0.00,0,0,musicplaza,False,2022-11-15
임영웅 | LIM YOUNGWOONG 1ST ALBUM [I M HERO ] DIGIPACK VER.,https://www.musicplaza.com/collections/adult-contemporary/products/%EC%9E%84%EC%98%81%EC%9B%85-lim-youngwoong-1st-album-i-m-hero-digipack-ver,17.99,False,0.00,0,0,musicplaza,False,2022-11-15
임영웅 | LIM YOUNGWOONG 1ST ALBUM [I M HERO ] GIFT VER.,https://www.musicplaza.com/collections/adult-contemporary/products/%EC%9E%84%EC%98%81%EC%9B%85-lim-youngwoong-1st-album-i-m-hero-gift-ver,29.99,False,5.00,0,1,musicplaza,False,2022-11-15
임영웅 | LIM YOUNGWOONG 1ST ALBUM [I M HERO ] PHOTOBOOK VER.,https://www.musicplaza.com/collections/adult-contemporary/products/%EC%9E%84%EC%98%81%EC%9B%85-lim-youngwoong-1st-album-i-m-hero-photobook-ver,25.99,False,5.00,0,1,musicplaza,False,2022-11-15
임영웅 | LIM YOUNGWOONG 1ST ALBUM [I M HERO ] JEWEL VER. | 쥬얼케이스,https://www.musicplaza.com/collections/adult-contemporary/products/%EC%9E%84%EC%98%81%EC%9B%85-lim-youngwoong-1st-album-i-m-hero-jewel-ver-%EC%A5%AC%EC%96%BC%EC%BC%80%EC%9D%B4%EC%8A%A4,16.99,False,0.00,0,0,musicplaza,True,2022-11-15
7080 슬기로운 음악생활 오리지널 PART 1 | 2CD,https://www.musicplaza.com/collections/adult-contemporary/products/7080-%EC%8A%AC%EA%B8%B0%EB%A1%9C%EC%9A%B4-%EC%9D%8C%EC%95%85%EC%83%9D%ED%99%9C-%EC%98%A4%EB%A6%AC%EC%A7%80%EB%84%90-part-1-2cd,17.99,False,0.00,0,0,musicplaza,False,2022-11-15
7080 낭만 IN 가요 | 7080 ROMANCE IN SONG,https://www.musicplaza.com/collections/adult-contemporary/products/7080-%EB%82%AD%EB%A7%8C-in-%EA%B0%80%EC%9A%94-3-for-1-7080-romance-in-song-3-for-1,27.99,False,0.00,0,0,musicplaza,False,2022-11-15
7080 노래스케치 VOL. 1,https://www.musicplaza.com/collections/adult-contemporary/products/7080-%EB%85%B8%EB%9E%98%EC%8A%A4%EC%BC%80%EC%B9%98-1%EC%A7%91-3-for-1-koreans-favorite-song-sketch-1970-1980,22.99,False,0.00,0,0,musicplaza,False,2022-11-15
김종환 | KIM JONGHWAN [ TIMELESS LOVE ],https://www.musicplaza.com/collections/adult-contemporary/products/copy-of-%EA%B9%80%EC%A2%85%ED%99%98-kim-jongwhan-6%EC%A7%91-now-forever,18.99,False,0.00,0,0,musicplaza,False,2022-11-15
나는 가수다 | I AM SINGER [ TOP SINGER ESSENTIAL ],https://www.musicplaza.com/collections/adult-contemporary/products/%EC%84%9C%EB%B0%94%EC%9D%B4%EB%B2%8C-top%EA%B0%80%EC%88%98-%EC%97%90%EC%84%BC%EC%85%9C-%EC%95%A8%EB%B2%94-3-for-1-survival-top-singer-essential,27.99,False,0.00,0,0,musicplaza,False,2022-11-15
임창정 -LIM CHANG JUNG - VOL.15 [십삼월],https://www.musicplaza.com/collections/adult-contemporary/products/%EC%9E%84%EC%B0%BD%EC%A0%95-lim-chang-jung-vol-15-%EC%8B%AD%EC%82%BC%EC%9B%94,25.99,False,0.00,0,0,musicplaza,False,2022-11-15
"박서진, 임영웅 - 트로트의 신 (2CD) (PARK SEO JIN, LIM YOUNG WOONG - THE GOD",https://www.musicplaza.com/collections/adult-contemporary/products/%EB%B0%95%EC%84%9C%EC%A7%84-%EC%9E%84%EC%98%81%EC%9B%85-%ED%8A%B8%EB%A1%9C%ED%8A%B8%EC%9D%98-%EC%8B%A0-2cd-park-seo-jin-lim-young-woong-the-god,19.99,False,0.00,0,0,musicplaza,True,2022-11-15
최희준 - 베스트 /  Choi Heehoon Best - Asia's Hit Song Series 4,https://www.musicplaza.com/collections/adult-contemporary/products/%EC%B5%9C%ED%9D%AC%EC%A4%80-%EB%B2%A0%EC%8A%A4%ED%8A%B8-choi-heehoon-best-asias-hit-song-series-4,15.99,False,0.00,0,0,musicplaza,False,2022-11-15
최헌 - 골든 앨범 (CHOI HUN - GOLDEN ALBUM),https://www.musicplaza.com/collections/adult-contemporary/products/%EC%B5%9C%ED%97%8C-%EA%B3%A8%EB%93%A0-%EC%95%A8%EB%B2%94-choi-hun-golden-album,16.99,False,0.00,0,0,musicplaza,False,2022-11-15
트로트의 민족 완결판 (2CD) (TROT PEOPLE THE FINAL (2CD)),https://www.musicplaza.com/collections/adult-contemporary/products/%ED%8A%B8%EB%A1%9C%ED%8A%B8%EC%9D%98-%EB%AF%BC%EC%A1%B1-%EC%99%84%EA%B2%B0%ED%8C%90-2cd-trot-people-the-final-2cd,19.99,False,0.00,0,0,musicplaza,False,2022-11-15
이정봉 - LEE JEONGBONG - VOL.5 [LANDSCAPE]),https://www.musicplaza.com/collections/adult-contemporary/products/%EC%9D%B4%EC%A0%95%EB%B4%89-lee-jeongbong-vol-5-landscape,22.99,False,0.00,0,0,musicplaza,False,2022-11-15
조용필 | CHO YONGPIL 45TH ANNIVERSARY CONCERT [ HELLO ] CD + DVD,https://www.musicplaza.com/collections/adult-contemporary/products/%EC%A1%B0%EC%9A%A9%ED%95%84-cho-yongpil-45%EC%A3%BC%EB%85%84-%EC%BD%98%EC%84%9C%ED%8A%B8-hello-%ED%88%AC%EC%96%B4-%EC%8A%A4%ED%8E%98%EC%85%9C%EB%B0%95%EC%8A%A4-2cd-1bd-2dvd-100p,249.00,False,0.00,0,0,musicplaza,False,2022-11-15
이찬원 | LEE CHAN WON 1ST MINI ALBUM [ 선물 ],https://www.musicplaza.com/collections/adult-contemporary/products/%EC%9D%B4%EC%B0%AC%EC%9B%90-lee-chan-won-1st-mini-album-%EC%84%A0%EB%AC%BC,24.99,False,0.00,0,0,musicplaza,False,2022-11-15
장윤정 | JANG YOONJEONG 8TH ALBUM [ PREPARATION ],https://www.musicplaza.com/collections/adult-contemporary/products/jang-yoon-jeong-vol-8-preparation-%EC%9E%A5%EC%9C%A4%EC%A0%95-8%EC%A7%91-%EC%81%98%EB%A0%88%EB%B9%A0%EB%9D%BC%EC%94%A8%EC%9A%A9,25.99,False,0.00,0,0,musicplaza,False,2022-11-15
"박 우철 | Park, Woochul [ 실연 ]",https://www.musicplaza.com/collections/adult-contemporary/products/%EB%B0%95-%EC%9A%B0%EC%B2%A0-park-woochul-%EC%8B%A4%EC%97%B0,14.99,False,0.00,0,0,musicplaza,True,2022-11-15
"박 우철/ Park, Woochul/ Original Hits 총결산집",https://www.musicplaza.com/collections/adult-contemporary/products/%EB%B0%95-%EC%9A%B0%EC%B2%A0-park-woochul-original-hits-%EC%B4%9D%EA%B2%B0%EC%82%B0%EC%A7%91,13.99,False,0.00,0,0,musicplaza,False,2022-11-15
오왼 오바도즈 | OWEN OVADOZ 4TH MIXTAPE ALBUM [ P.O.E.M. II ],https://www.musicplaza.com/collections/adult-contemporary/products/%EC%98%A4%EC%99%BC-%EC%98%A4%EB%B0%94%EB%8F%84%EC%A6%88-owen-ovadoz-p-o-e-m-%E2%85%B1-1,19.99,False,0.00,0,0,musicplaza,True,2022-11-15
송가인 - 미스트롯 스페셜 라이브공연 (2CD),https://www.musicplaza.com/collections/adult-contemporary/products/%EC%86%A1%EA%B0%80%EC%9D%B8-%EB%AF%B8%EC%8A%A4%ED%8A%B8%EB%A1%AF-%EC%8A%A4%ED%8E%98%EC%85%9C-%EB%9D%BC%EC%9D%B4%EB%B8%8C%EA%B3%B5%EC%97%B0-2cd,15.99,False,0.00,0,0,musicplaza,True,2022-11-15
"벗님들 - 1집 (디지털 리마스터링, 재발매)",https://www.musicplaza.com/collections/adult-contemporary/products/%EB%B2%97%EB%8B%98%EB%93%A4-1%EC%A7%91-%EB%94%94%EC%A7%80%ED%84%B8-%EB%A6%AC%EB%A7%88%EC%8A%A4%ED%84%B0%EB%A7%81-%EC%9E%AC%EB%B0%9C%EB%A7%A4,19.99,False,0.00,0,0,musicplaza,False,2022-11-15
사랑의 콜센타 ALBUM BOOK | TV CHOSUN TROT SHOW TOP 6,https://www.musicplaza.com/collections/adult-contemporary/products/%EC%82%AC%EB%9E%91%EC%9D%98-%EC%BD%9C%EC%84%BC%ED%83%80-album-book-tv-chosun-trot-show-top-6,36.99,False,0.00,0,0,musicplaza,True,2022-11-15
최백호 | CHOI BAEKHO 40TH ANNIVERSARY ALBUM [ 불혹 ],https://www.musicplaza.com/collections/adult-contemporary/products/choi-baekho-%EC%B5%9C%EB%B0%B1%ED%98%B8-40th-anniversary-%EB%B6%88%ED%98%B9,22.99,False,0.00,0,0,musicplaza,True,2022-11-15
7080 포크 발라드 카페명작,https://www.musicplaza.com/collections/adult-contemporary/products/7080-fork-ballad-7080-%ED%8F%AC%ED%81%AC-%EB%B0%9C%EB%9D%BC%EB%93%9C-%EC%B9%B4%ED%8E%98%EB%AA%85%EC%9E%91-3-4-2cd,12.99,False,0.00,0,0,musicplaza,True,2022-11-15
최희준 | CHOI HEEJUN 히트모음,https://www.musicplaza.com/collections/adult-contemporary/products/choi-heejun-hit-collection-%EC%B5%9C%ED%9D%AC%EC%A4%80-%ED%9E%88%ED%8A%B8%EB%AA%A8%EC%9D%8C,12.99,False,0.00,0,0,musicplaza,True,2022-11-15
강토 | GANG TO [ 이쁜 누나 ],https://www.musicplaza.com/collections/adult-contemporary/products/gang-to-%EA%B0%95%ED%86%A0-%EC%9D%B4%EC%81%9C-%EB%88%84%EB%82%98,18.99,False,0.00,0,0,musicplaza,False,2022-11-15
90'S 청춘가요,https://www.musicplaza.com/collections/adult-contemporary/products/90s-%EC%B2%AD%EC%B6%98%EA%B0%80%EC%9A%94-2-for-1,19.99,False,0.00,0,0,musicplaza,True,2022-11-15
나훈아 | NA HOONA LIVE CONCERT [ ARISU ] DVD,https://www.musicplaza.com/collections/adult-contemporary/products/na-hoon-a-arisu-live-concert-%EB%82%98%ED%9B%88%EC%95%84-%EC%95%84%EB%A6%AC%EC%88%98-%EB%85%B8%EB%93%A4%EC%84%AC-%EA%B3%B5%EC%97%B0%EC%8B%A4%ED%99%A9-2-dvd-disc,59.99,False,0.00,0,0,musicplaza,False,2022-11-15
황치열 | Hwang Chi Yeul MINI ALBUM [ Be My Reason ],https://www.musicplaza.com/collections/adult-contemporary/products/%ED%99%A9%EC%B9%98%EC%97%B4-hwang-chi-yeul-mini-album-be-my-reason,19.99,False,0.00,0,0,musicplaza,False,2022-11-15
이적+김동률 프로젝트 앨범 [ 카니발 CARNIVAL  ] LEE JUCK+KIM DONGRYUL,https://www.musicplaza.com/collections/adult-contemporary/products/%EC%9D%B4%EC%A0%81-%EA%B9%80%EB%8F%99%EB%A5%A0-%ED%94%84%EB%A1%9C%EC%A0%9D%ED%8A%B8-%EC%95%A8%EB%B2%94-%EC%B9%B4%EB%8B%88%EB%B0%9C-carnival-lee-juck-kim-dongryul,19.99,False,0.00,0,0,musicplaza,False,2022-11-15
아코디언 경음악 | ACCORDION MUSIC,https://www.musicplaza.com/collections/adult-contemporary/products/%EC%95%84%EC%BD%94%EB%94%94%EC%96%B8-%EA%B2%BD%EC%9D%8C%EC%95%85-accordion-%EC%8B%AC%EC%84%B1%EB%9D%BD-%EC%97%B0%EC%A3%BC,13.99,False,0.00,0,0,musicplaza,False,2022-11-15
나훈아 | NA HOONA 아홉이야기 | 테스형,https://www.musicplaza.com/collections/adult-contemporary/products/%EB%82%98%ED%9B%88%EC%95%84-na-hoona-%EC%95%84%ED%99%89%EC%9D%B4%EC%95%BC%EA%B8%B0,31.99,False,5.00,0,2,musicplaza,False,2022-11-15
진한 찻잔 - 가을을 담은 카페음악 <2 FOR 1> (CAFE MUSIC <2 FOR 1>),https://www.musicplaza.com/collections/adult-contemporary/products/%EC%A7%84%ED%95%9C-%EC%B0%BB%EC%9E%94-%EA%B0%80%EC%9D%84%EC%9D%84-%EB%8B%B4%EC%9D%80-%EC%B9%B4%ED%8E%98%EC%9D%8C%EC%95%85-2-for-1-cafe-music-2-for-1,13.99,False,0.00,0,0,musicplaza,False,2022-11-15
한국 최고가수 36인 - 여자가수편 <2 FOR 1> (KOREA BEST SINGER 36 - WOMAN),https://www.musicplaza.com/collections/adult-contemporary/products/%ED%95%9C%EA%B5%AD-%EC%B5%9C%EA%B3%A0%EA%B0%80%EC%88%98-36%EC%9D%B8-%EC%97%AC%EC%9E%90%EA%B0%80%EC%88%98%ED%8E%B8-2-for-1-korea-best-singer-36-woman,17.99,False,0.00,0,0,musicplaza,True,2022-11-15
7080 낭만 콘서트,https://www.musicplaza.com/collections/adult-contemporary/products/7080-%EB%82%AD%EB%A7%8C-%EC%BD%98%EC%84%9C%ED%8A%B8-1%EC%A7%91-%EC%98%A4%EB%A6%AC%EC%A7%80%EB%82%A0-%EB%AA%A8%EC%9D%8C%EC%A7%91-2-for-1,13.99,False,0.00,0,0,musicplaza,True,2022-11-15
7080 그룹사운드 명곡,https://www.musicplaza.com/collections/adult-contemporary/products/7080-%EA%B7%B8%EB%A3%B9%EC%82%AC%EC%9A%B4%EB%93%9C-%EB%AA%85%EA%B3%A1-7080-best-band-group,17.99,False,0.00,0,0,musicplaza,False,2022-11-15
아름다운 우리가곡 노스탤지아 THE BEST OF KOREAN FAVORITE SONGS,https://www.musicplaza.com/collections/adult-contemporary/products/%EC%95%84%EB%A6%84%EB%8B%A4%EC%9A%B4-%EC%9A%B0%EB%A6%AC%EA%B0%80%EA%B3%A1-%EB%85%B8%EC%8A%A4%ED%83%A4%EC%A7%80%EC%95%84-the-best-of-korean-favorite-songs,37.99,False,0.00,0,0,musicplaza,True,2022-11-15
조덕배 Jo Dukbae 6th,https://www.musicplaza.com/collections/adult-contemporary/products/%EC%A1%B0%EB%8D%95%EB%B0%B0-jo-dukbae-6th,14.99,False,0.00,0,0,musicplaza,False,2022-11-15
"노사연 | No, Sayeon  9th Album [ 바램 ]",https://www.musicplaza.com/collections/adult-contemporary/products/copy-of-no-sayeon-%EB%85%B8%EC%82%AC%EC%97%B0-9th-%EB%B0%94%EB%9E%A8,17.99,False,0.00,0,0,musicplaza,False,2022-11-15
노사연 | NO SAYEON [ GOLDEN ],https://www.musicplaza.com/collections/adult-contemporary/products/no-sayeon-%EB%85%B8%EC%82%AC%EC%97%B0-golden,14.99,False,0.00,0,0,musicplaza,False,2022-11-15
나훈아 | NA HOONA 40TH NEW GOLDEN HIT COLLECTION,https://www.musicplaza.com/collections/adult-contemporary/products/na-hoona-40th-new-golden-hit-collection,16.99,False,5.00,0,1,musicplaza,False,2022-11-15
공일오비 | 015B 3RD COMPILATION ALBUM [ THE BEST COLLECTION ],https://www.musicplaza.com/collections/adult-contemporary/products/015b-the-best-collection-%ED%85%85%EB%B9%88%EA%B1%B0%EB%A6%AC%EC%97%90%EC%84%9C-%EC%B9%9C%EA%B5%AC%EC%99%80-%EC%97%B0%EC%9D%B8-kpop,17.99,False,0.00,0,0,musicplaza,False,2022-11-15
남진 | NAM JIN 골든베스트,https://www.musicplaza.com/collections/adult-contemporary/products/%EB%82%A8%EC%A7%84-nam-jin-%EA%B3%A8%EB%93%A0%EB%B2%A0%EC%8A%A4%ED%8A%B8,14.99,False,,,,musicplaza,True,2022-11-15
박상민 | PARK SANGMIN 20TH ANNIVERSARY,https://www.musicplaza.com/collections/adult-contemporary/products/%EB%B0%95%EC%83%81%EB%AF%BC-park-sangmin-20th-anniversary,19.99,False,0.00,0,0,musicplaza,False,2022-11-15
신웅 | SHIN WOONG 골든베스트 3/4,https://www.musicplaza.com/collections/adult-contemporary/products/%EC%8B%A0%EC%9B%85-shin-woong-%EA%B3%A8%EB%93%A0%EB%B2%A0%EC%8A%A4%ED%8A%B8-3-4,14.99,False,0.00,0,0,musicplaza,True,2022-11-15
송창식 | SONG CHANGSIK GOLDEN BEST,https://www.musicplaza.com/collections/adult-contemporary/products/%EC%86%A1%EC%B0%BD%EC%8B%9D-song-changsik-golden-best,15.99,False,0.00,0,0,musicplaza,False,2022-11-15
딕 훼밀리 | DICK FAMILY 나는 못난이,https://www.musicplaza.com/collections/adult-contemporary/products/%EB%94%95-%ED%9B%BC%EB%B0%80%EB%A6%AC-dick-family-%EB%82%98%EB%8A%94-%EB%AA%BB%EB%82%9C%EC%9D%B4,15.99,False,0.00,0,0,musicplaza,False,2022-11-15
남궁옥분 골든 2CD,https://www.musicplaza.com/collections/adult-contemporary/products/%EB%82%A8%EA%B6%81%EC%98%A5%EB%B6%84-%EA%B3%A8%EB%93%A0-2cd,14.99,False,0.00,0,0,musicplaza,False,2022-11-15
4월과 5월 [ 40TH ANNIVERSARY ],https://www.musicplaza.com/collections/adult-contemporary/products/4%EC%9B%94%EA%B3%BC-5%EC%9B%94-40th-anniversary,19.99,False,0.00,0,0,musicplaza,False,2022-11-15
11人의 오리지날 힛트가요 VOL.1,https://www.musicplaza.com/collections/adult-contemporary/products/11%E4%BA%BA%EC%9D%98-%EC%98%A4%EB%A6%AC%EC%A7%80%EB%82%A0-%ED%9E%9B%ED%8A%B8%EA%B0%80%EC%9A%94-vol-1,16.99,False,0.00,0,0,musicplaza,False,2022-11-15
기억의 습작 ... 청춘을 추억하다 <3 FOR 1>,https://www.musicplaza.com/collections/adult-contemporary/products/%EA%B8%B0%EC%96%B5%EC%9D%98-%EC%8A%B5%EC%9E%91-%EC%B2%AD%EC%B6%98%EC%9D%84-%EC%B6%94%EC%96%B5%ED%95%98%EB%8B%A4-3-for-1,29.99,False,0.00,0,0,musicplaza,False,2022-11-15
7080 커피연가,https://www.musicplaza.com/collections/adult-contemporary/products/7080-%EC%BB%A4%ED%94%BC%EC%97%B0%EA%B0%80-7080-coffee-love-songs-3cd,19.99,False,0.00,0,0,musicplaza,True,2022-11-15
7080 추억의 도시락 골드,https://www.musicplaza.com/collections/adult-contemporary/products/7080-%EC%B6%94%EC%96%B5%EC%9D%98-%EB%8F%84%EC%8B%9C%EB%9D%BD-%EA%B3%A8%EB%93%9C-3cd,24.99,False,0.00,0,0,musicplaza,True,2022-11-15
7080 + 90 오리지널 히트가요/ ORIGINAL HITS GAYO,https://www.musicplaza.com/collections/adult-contemporary/products/7080-90-%EC%98%A4%EB%A6%AC%EC%A7%80%EB%84%90-%ED%9E%88%ED%8A%B8%EA%B0%80%EC%9A%94-7080-90-original-hit-kayo,16.99,False,0.00,0,0,musicplaza,False,2022-11-15
7080 추억의 발라드 베스트,https://www.musicplaza.com/collections/adult-contemporary/products/7080-%EC%B6%94%EC%96%B5%EC%9D%98-%EB%B0%9C%EB%9D%BC%EB%93%9C-%EB%B2%A0%EC%8A%A4%ED%8A%B8-ballad-best-2cd,14.99,False,0.00,0,0,musicplaza,True,2022-11-15
감성 3RD ALBUM [ 가슴을 울리는 잊지못할 감동 ],https://www.musicplaza.com/collections/adult-contemporary/products/%EA%B0%90%EC%84%B1-%E6%84%9F%E6%80%A7-3%EC%A7%91-%EA%B0%80%EC%8A%B4%EC%9D%84-%EC%9A%B8%EB%A6%AC%EB%8A%94-%EC%9E%8A%EC%A7%80%EB%AA%BB%ED%95%A0-%EA%B0%90%EB%8F%99-best-hit-ballad-collection,25.99,False,0.00,0,0,musicplaza,False,2022-11-15
7080을 위한 추억의 그룹사운드,https://www.musicplaza.com/collections/adult-contemporary/products/7080%EC%9D%84-%EC%9C%84%ED%95%9C-%EC%B6%94%EC%96%B5%EC%9D%98-%EA%B7%B8%EB%A3%B9%EC%82%AC%EC%9A%B4%EB%93%9C-7080-original-memory-of-group-sound,18.99,False,0.00,0,0,musicplaza,False,2022-11-15
7080 오리지널 베스트/ 7080 ORIGINAL BEST - VARIOUS ARTISTS,https://www.musicplaza.com/collections/adult-contemporary/products/7080-%EC%98%A4%EB%A6%AC%EC%A7%80%EB%84%90-%EB%B2%A0%EC%8A%A4%ED%8A%B8-7080-original-best,27.99,False,0.00,0,0,musicplaza,False,2022-11-15
7080 반갑다 친구야,https://www.musicplaza.com/collections/adult-contemporary/products/7080-%EB%B0%98%EA%B0%91%EB%8B%A4-%EC%B9%9C%EA%B5%AC%EC%95%BC-vol-1-3cd-%EC%A0%84%EA%B3%A1-%EC%98%A4%EB%A6%AC%EC%A7%80%EB%82%A0-koreans-favorite-songs-collection,24.99,False,0.00,0,0,musicplaza,False,2022-11-15
향수의 기타사운드 / GUITAR INSTRUMENTAL MUSIC (50_60'S KOREAN) [연주- 이명희],https://www.musicplaza.com/collections/adult-contemporary/products/%ED%96%A5%EC%88%98%EC%9D%98-%EA%B8%B0%ED%83%80%EC%82%AC%EC%9A%B4%EB%93%9C-%EC%97%B0%EC%A3%BC-%EC%9D%B4%EB%AA%85%ED%9D%AC,19.99,False,0.00,0,0,musicplaza,False,2022-11-15
사랑의 콜센타 신청곡을 불러드립니다 USB ALBUM,https://www.musicplaza.com/collections/adult-contemporary/products/%EC%82%AC%EB%9E%91%EC%9D%98-%EC%BD%9C%EC%84%BC%ED%84%B0-%EC%8B%A0%EC%B2%AD%EA%B3%A1%EC%9D%84-%EB%B6%88%EB%9F%AC%EB%93%9C%EB%A6%BD%EB%8B%88%EB%8B%A4-usb,31.99,False,0.00,0,0,musicplaza,False,2022-11-15
7080 명동연가,https://www.musicplaza.com/collections/adult-contemporary/products/7080-%EB%AA%85%EB%8F%99%EC%97%B0%EA%B0%80-3cd-7080-myungdong-love-songs,21.99,False,0.00,0,0,musicplaza,False,2022-11-15
최진희 | CHOI JINHEE ORIGINAL GOLDEN BEST,https://www.musicplaza.com/collections/adult-contemporary/products/%EC%B5%9C%EC%A7%84%ED%9D%AC-choi-jinhee-original-golden-best,14.99,False,0.00,0,0,musicplaza,True,2022-11-15
미스터트롯 총출동 임영웅 VS 영탁 | MR TROT,https://www.musicplaza.com/collections/adult-contemporary/products/%EB%AF%B8%EC%8A%A4%ED%84%B0%ED%8A%B8%EB%A1%AF-%EC%B4%9D%EC%B6%9C%EB%8F%99-%EC%9E%84%EC%98%81%EC%9B%85-vs-%EC%98%81%ED%83%81-mr-trot,13.99,False,0.00,0,0,musicplaza,False,2022-11-15
현이와 덕이 + 7080 베스트 2CD,https://www.musicplaza.com/collections/adult-contemporary/products/%ED%98%84%EC%9D%B4%EC%99%80-%EB%8D%95%EC%9D%B4-7080-%EB%B2%A0%EC%8A%A4%ED%8A%B8-2cd,14.99,False,0.00,0,0,musicplaza,False,2022-11-15
남진 | NAM JIN BEST COLLECTION,https://www.musicplaza.com/collections/adult-contemporary/products/%EB%82%A8%EC%A7%84-nam-jin-best-collection,11.99,False,0.00,0,0,musicplaza,False,2022-11-15
나훈아 트로트 콜렉션 NA HOON A BEST TROT COLLECTION,https://www.musicplaza.com/collections/adult-contemporary/products/%EB%82%98%ED%9B%88%EC%95%84-%ED%8A%B8%EB%A1%9C%ED%8A%B8-%EC%BD%9C%EB%A0%89%EC%85%98-na-hoon-a-best-trot-collection,16.99,False,5.00,0,1,musicplaza,True,2022-11-15
현철 골든 [ 봉선화 연정 내마음 별과 같이 ],https://www.musicplaza.com/collections/adult-contemporary/products/%ED%98%84%EC%B2%A0-%EA%B3%A8%EB%93%A0-%EB%B4%89%EC%84%A0%ED%99%94-%EC%97%B0%EC%A0%95-%EB%82%B4%EB%A7%88%EC%9D%8C-%EB%B3%84%EA%B3%BC-%EA%B0%99%EC%9D%B4,14.99,False,0.00,0,0,musicplaza,False,2022-11-15
남인수 이난영 힛트곡 전집,https://www.musicplaza.com/collections/adult-contemporary/products/%EB%82%A8%EC%9D%B8%EC%88%98-%EC%9D%B4%EB%82%9C%EC%98%81-%ED%9E%9B%ED%8A%B8%EA%B3%A1-%EC%A0%84%EC%A7%91,15.99,False,,,,musicplaza,False,2022-11-15
배따라기 OLD & NEW SONG | 2CD,https://www.musicplaza.com/collections/adult-contemporary/products/%EB%B0%B0%EB%94%B0%EB%9D%BC%EA%B8%B0-old-new-song-2cd,17.99,False,,,,musicplaza,False,2022-11-15
윤항기 YOON HANG KI [ 55주년 기념 골든 앨범],https://www.musicplaza.com/collections/adult-contemporary/products/%EC%9C%A4%ED%95%AD%EA%B8%B0-yoon-hang-ki-55%EC%A3%BC%EB%85%84-%EA%B8%B0%EB%85%90-%EA%B3%A8%EB%93%A0-%EC%95%A8%EB%B2%94,16.99,False,,,,musicplaza,False,2022-11-15
7080 내 생애 가장 아름다운 추억,https://www.musicplaza.com/collections/adult-contemporary/products/7080-%EB%82%B4-%EC%83%9D%EC%95%A0-%EA%B0%80%EC%9E%A5-%EC%95%84%EB%A6%84%EB%8B%A4%EC%9A%B4-%EC%B6%94%EC%96%B5-3cd,25.99,False,0.00,0,0,musicplaza,False,2022-11-15
좋은가요  40+2 [ 2집 ] 2CD,https://www.musicplaza.com/collections/adult-contemporary/products/%EC%A2%8B%EC%9D%80-%EA%B0%80%EC%9A%94-40-2-2%EC%A7%91-2cd,14.99,False,0.00,0,0,musicplaza,True,2022-11-15
조명섭 | JO MYEONG SEOP SPECIAL ALBUM [ 강원도 아가씨 ],https://www.musicplaza.com/collections/adult-contemporary/products/%EC%A1%B0%EB%AA%85%EC%84%AD-jo-myeong-seop-special-album,16.99,False,0.00,0,0,musicplaza,True,2022-11-15
인기짱 | 최고인기가요 | 2CD,https://www.musicplaza.com/collections/adult-contemporary/products/%EC%9D%B8%EA%B8%B0%EC%A7%B1-%EC%B5%9C%EA%B3%A0%EC%9D%B8%EA%B8%B0%EA%B0%80%EC%9A%94-2cd,15.99,False,0.00,0,0,musicplaza,False,2022-11-15
최신 마스터가요 | 2CD,https://www.musicplaza.com/collections/adult-contemporary/products/%EC%B5%9C%EC%8B%A0-%EB%A7%88%EC%8A%A4%ED%84%B0%EA%B0%80%EC%9A%94-2cd,15.99,False,0.00,0,0,musicplaza,False,2022-11-15
명품스페셜 50 | 오리지널 50곡 | 2CD,https://www.musicplaza.com/collections/adult-contemporary/products/%EB%AA%85%ED%92%88%EC%8A%A4%ED%8E%98%EC%85%9C-50-%EC%98%A4%EB%A6%AC%EC%A7%80%EB%84%90-50%EA%B3%A1-2cd,16.99,False,0.00,0,0,musicplaza,False,2022-11-15
내일은 미스터 트롯 | TV CHOSUN [  MR TROT ] 예선전 팀미션 베스트,https://www.musicplaza.com/collections/adult-contemporary/products/%EB%82%B4%EC%9D%BC%EC%9D%80-%EB%AF%B8%EC%8A%A4%ED%84%B0-%ED%8A%B8%EB%A1%AF-tv-chosun-mr-trot-%EC%98%88%EC%84%A0%EC%A0%84-%ED%8C%80%EB%AF%B8%EC%85%98-%EB%B2%A0%EC%8A%A4%ED%8A%B8,26.99,False,0.00,0,0,musicplaza,False,2022-11-15
이문세 | LEE MOONSAE 5TH ALBUM [ 광화문연가 ],https://www.musicplaza.com/collections/adult-contemporary/products/%EC%9D%B4%EB%AC%B8%EC%84%B8-lee-moonsae-5th-album-%EA%B4%91%ED%99%94%EB%AC%B8%EC%97%B0%EA%B0%80,16.99,False,0.00,0,0,musicplaza,False,2022-11-15
김광석 다시부르기 II /  KIM KWANGSEOK [  THE 20TH MEMORIAL ART COLLECTION ],https://www.musicplaza.com/collections/adult-contemporary/products/%EA%B9%80%EA%B4%91%EC%84%9D-%EB%8B%A4%EC%8B%9C%EB%B6%80%EB%A5%B4%EA%B8%B0-ii-kim-kwangseok-the-20th-memorial-art-collection,16.99,False,0.00,0,0,musicplaza,True,2022-11-15
김광석 다시부르기 I /  KIM KWANGSEOK [  THE 20TH MEMORIAL ART COLLECTION ],https://www.musicplaza.com/collections/adult-contemporary/products/%EA%B9%80%EA%B4%91%EC%84%9D-kim-kwangseok-x-lee-changwoo-the-20th-memorial-art-collection,16.99,False,0.00,0,0,musicplaza,True,2022-11-15
송가인 | SONG GAIN 1ST RECITAL LIVE CONCERT DVD,https://www.musicplaza.com/collections/adult-contemporary/products/%EC%86%A1%EA%B0%80%EC%9D%B8-song-gain-1st-recital-live-concert,49.99,False,,,,musicplaza,False,2022-11-15
우리 성악가들이 부른 세계 애창 가곡 : THE WORLD FAVORITE SONGS [  BEST OF BEST ],https://www.musicplaza.com/collections/adult-contemporary/products/%EC%9A%B0%EB%A6%AC-%EC%84%B1%EC%95%85%EA%B0%80%EB%93%A4%EC%9D%B4-%EB%B6%80%EB%A5%B8-%EC%84%B8%EA%B3%84-%EC%95%A0%EC%B0%BD-%EA%B0%80%EA%B3%A1-best-of-best,34.99,False,0.00,0,0,musicplaza,False,2022-11-15
사랑과 평화 | LOVE & PEACE [ 골든 힛트곡 선집 ],https://www.musicplaza.com/collections/adult-contemporary/products/%EC%82%AC%EB%9E%91%EA%B3%BC-%ED%8F%89%ED%99%94-love-peace-%EA%B3%A8%EB%93%A0-%ED%9E%9B%ED%8A%B8%EA%B3%A1-%EC%84%A0%EC%A7%91,13.99,False,0.00,0,0,musicplaza,False,2022-11-15
불후의 명곡 | 잔잔한 향수와 한맺힌 눈물이 담긴 전통가요 모음집 2CD,https://www.musicplaza.com/collections/adult-contemporary/products/%EB%B6%88%ED%9B%84%EC%9D%98-%EB%AA%85%EA%B3%A1-%EC%9E%94%EC%9E%94%ED%95%9C-%ED%96%A5%EC%88%98%EC%99%80-%ED%95%9C%EB%A7%BA%ED%9E%8C-%EB%88%88%EB%AC%BC%EC%9D%B4-%EB%8B%B4%EA%B8%B4-%EC%A0%84%ED%86%B5%EA%B0%80%EC%9A%94-%EB%AA%A8%EC%9D%8C%EC%A7%91-2cd,21.99,False,,,,musicplaza,False,2022-11-15
MISS TROT [ 베스트 히트 35 ],https://www.musicplaza.com/collections/adult-contemporary/products/%EB%82%B4%EC%9D%BC%EC%9D%80-%EB%AF%B8%EC%8A%A4%ED%8A%B8%EB%A1%AF-%EB%B2%A0%EC%8A%A4%ED%8A%B8-%ED%9E%88%ED%8A%B8-35-miss-trot-best-hit-35,23.99,False,5.00,0,1,musicplaza,True,2022-11-15
송가인 | SONG GAIN 1ST ALBUM [ 가인(佳人) ],https://www.musicplaza.com/collections/adult-contemporary/products/song-gain-1st-album,24.99,False,5.00,0,2,musicplaza,False,2022-11-15
홍자 | HONGJA |  VOL.1 [내:딛다],https://www.musicplaza.com/collections/adult-contemporary/products/%ED%99%8D%EC%9E%90-hongja-vol-1-%EB%82%B4-%EB%94%9B%EB%8B%A4,23.99,False,0.00,0,0,musicplaza,False,2022-11-15
"남도민요 | 박록주 박초연 NAMDO MINYO PARK ROKJOO , PARK CHOYEON",https://www.musicplaza.com/collections/adult-contemporary/products/%EB%82%A8%EB%8F%84%EB%AF%BC%EC%9A%94-%EB%B0%95%EB%A1%9D%EC%A3%BC-%EB%B0%95%EC%B4%88%EC%97%B0-namdo-minyo-park-rokjoo-park-choyeon,11.99,False,0.00,0,0,musicplaza,True,2022-11-15
창문너머 어렴풋이 옛생각이 나겠지요....3CD 오리지날,https://www.musicplaza.com/collections/adult-contemporary/products/%EC%B0%BD%EB%AC%B8%EB%84%88%EB%A8%B8-%EC%96%B4%EB%A0%B4%ED%92%8B%EC%9D%B4-%EC%98%9B%EC%83%9D%EA%B0%81%EC%9D%B4-%EB%82%98%EA%B2%A0%EC%A7%80%EC%9A%94-3cd-%EC%98%A4%EB%A6%AC%EC%A7%80%EB%82%A0,32.99,False,0.00,0,0,musicplaza,False,2022-11-15
동감 네번째 이야기 | SYMPATHY 4TH STORY  SPECIAL ALBUM | CD+DVD(MV),https://www.musicplaza.com/collections/adult-contemporary/products/%EB%8F%99%EA%B0%90-%EB%84%A4%EB%B2%88%EC%A7%B8-%EC%9D%B4%EC%95%BC%EA%B8%B0-sympathy-4th-story-special-album-cd-dvdmv,21.99,False,,,,musicplaza,False,2022-11-15
7080 반갑다 친구야 VOL. 2,https://www.musicplaza.com/collections/adult-contemporary/products/7080-%EB%B0%98%EA%B0%91%EB%8B%A4-%EC%B9%9C%EA%B5%AC%EC%95%BC-vol-2-3cd-%EC%A0%84%EA%B3%A1-%EC%98%A4%EB%A6%AC%EC%A7%80%EB%82%A0,25.99,False,0.00,0,0,musicplaza,False,2022-11-15
오리지날 베스트 [ 선물 ] | ORIGINAL SPECIAL [ GIFT ] 3CD,https://www.musicplaza.com/collections/adult-contemporary/products/%EC%98%A4%EB%A6%AC%EC%A7%80%EB%82%A0-%EB%B2%A0%EC%8A%A4%ED%8A%B8-%EC%84%A0%EB%AC%BC-original-special-gift-3cd,29.99,False,,,,musicplaza,False,2022-11-15
봄여름가을겨울 | SSAW BEST OF THE BEST (INSTRUMENTAL),https://www.musicplaza.com/collections/adult-contemporary/products/%EB%B4%84%EC%97%AC%EB%A6%84%EA%B0%80%EC%9D%84%EA%B2%A8%EC%9A%B8-ssaw-best-of-the-best,21.99,False,0.00,0,0,musicplaza,False,2022-11-15
"정수라 | Jung, Soora | 35th memorial anniversary Edition",https://www.musicplaza.com/collections/adult-contemporary/products/%EC%A0%95%EC%88%98%EB%9D%BC-jung-soora-35th-memorial-anniversary-edition,21.99,False,0.00,0,0,musicplaza,True,2022-11-15
"윤수일 Yun, Sooil | Golden Hitsong 모음1",https://www.musicplaza.com/collections/adult-contemporary/products/%EC%9C%A4%EC%88%98%EC%9D%BC-yun-sooil-golden-hitsong-%EB%AA%A8%EC%9D%8C1,12.99,False,0.00,0,0,musicplaza,True,2022-11-15
나훈아 |  NA HOONA [ 벗 2 ] 2CD,https://www.musicplaza.com/collections/adult-contemporary/products/%EB%82%98%ED%9B%88%EC%95%84-na-hoona-%EB%B2%97-2,31.99,False,5.00,0,1,musicplaza,False,2022-11-15
"유익종 | Yoo, Ikjong 가슴을 울리는 목소리.. Best of Best",https://www.musicplaza.com/collections/adult-contemporary/products/%EC%9C%A0%EC%9D%B5%EC%A2%85-yoo-ikjong-%EA%B0%80%EC%8A%B4%EC%9D%84-%EC%9A%B8%EB%A6%AC%EB%8A%94-%EB%AA%A9%EC%86%8C%EB%A6%AC-best-of-best,17.99,False,0.00,0,0,musicplaza,False,2022-11-15
"윤시내 | Yoon, Sinae | 골든 2CD",https://www.musicplaza.com/collections/adult-contemporary/products/%EC%9C%A4%EC%8B%9C%EB%82%B4-yoon-sinae-%EA%B3%A8%EB%93%A0-2cd,13.99,False,0.00,0,0,musicplaza,True,2022-11-15
"윤시내 | Yoon, Sinae | 전집",https://www.musicplaza.com/collections/adult-contemporary/products/%EC%9C%A4%EC%8B%9C%EB%82%B4-yoon-sinae-%EC%A0%84%EC%A7%91,11.99,False,0.00,0,0,musicplaza,False,2022-11-15
"문주란 | Moon, Jooran | 그시절 그노래",https://www.musicplaza.com/collections/adult-contemporary/products/%EB%AC%B8%EC%A3%BC%EB%9E%80-moon-jooran-%EA%B7%B8%EC%8B%9C%EC%A0%88-%EA%B7%B8%EB%85%B8%EB%9E%98,11.99,False,0.00,0,0,musicplaza,False,2022-11-15
"이문세 | Lee, Moonsae | Memories | Original Best",https://www.musicplaza.com/collections/adult-contemporary/products/%EC%9D%B4%EB%AC%B8%EC%84%B8-lee-moonsae-memories-original-best,23.99,False,0.00,0,0,musicplaza,False,2022-11-15
Yurisangja | 유리상자 | 20주년 기념 앨범 [스무살] - 20th Anniversary Album,https://www.musicplaza.com/collections/adult-contemporary/products/yurisangja-%EC%9C%A0%EB%A6%AC%EC%83%81%EC%9E%90-20%EC%A3%BC%EB%85%84-%EA%B8%B0%EB%85%90-%EC%95%A8%EB%B2%94-%EC%8A%A4%EB%AC%B4%EC%82%B4-20th-anniversary-album,18.99,False,0.00,0,0,musicplaza,False,2022-11-15
한동근 | HAN DONGGEUN 1ST MINI ALBUM [ 이별할 사람들 ],https://www.musicplaza.com/collections/adult-contemporary/products/han-donggeun-%ED%95%9C%EB%8F%99%EA%B7%BC-1st-mini-album-broken-people-%EC%9D%B4%EB%B3%84%ED%95%A0-%EC%82%AC%EB%9E%8C%EB%93%A4,19.99,False,0.00,0,0,musicplaza,False,2022-11-15
명품명곡 베스트 오리지날 100% | TROT COMPILATION BEST ORIGINAL 100%,https://www.musicplaza.com/collections/adult-contemporary/products/rout-compilation-best-original-100-2cd-%EB%AA%85%ED%92%88%EB%AA%85%EA%B3%A1-%EB%B2%A0%EC%8A%A4%ED%8A%B8-%EC%98%A4%EB%A6%AC%EC%A7%80%EB%82%A0-100,15.99,False,0.00,0,0,musicplaza,False,2022-11-15
Shin Woong 30th Special Album | 신웅 30주년 스페셜 음반,https://www.musicplaza.com/collections/adult-contemporary/products/shin-woong-30th-special-%EC%8B%A0%EC%9B%85-30%EC%A3%BC%EB%85%84-%EC%8A%A4%ED%8E%98%EC%85%9C-%EC%9D%8C%EB%B0%98,14.99,False,0.00,0,0,musicplaza,False,2022-11-15
김란영 | KIM RANYOUNG [ 명품카페 ],https://www.musicplaza.com/collections/adult-contemporary/products/kim-ran-young-luxury-cafe-music-%EA%B9%80%EB%9E%80%EC%98%81-%EB%AA%85%ED%92%88%EC%B9%B4%ED%8E%98-2cd,14.99,False,0.00,0,0,musicplaza,True,2022-11-15
Teresa Teng - Greatest Hits,https://www.musicplaza.com/collections/adult-contemporary/products/teresa-teng-greatest-hits,23.99,False,0.00,0,0,musicplaza,False,2022-11-15
김정호 | KIM JUNGHO 32ND ANNIVERSARY ALBUM [ REMEMBERING KIM JUNG HO ],https://www.musicplaza.com/collections/adult-contemporary/products/kim-jung-ho-%EA%B9%80%EC%A0%95%ED%98%B8-remembering-kim-jung-ho-32nd-anniversary-memorial-record-the-best-%EC%B6%94%EB%AA%A832%EC%A3%BC%EA%B8%B0%EB%A5%BC-%EA%B8%B0%EB%A6%AC%EB%A9%B0-2cd,21.99,False,0.00,0,0,musicplaza,False,2022-11-15
케이윌 | K.WILL 6TH MINI ALBUM [ RE: ],https://www.musicplaza.com/collections/adult-contemporary/products/k-will-%EC%BC%80%EC%9D%B4%EC%9C%8C-6th-mini-album-re,16.99,False,0.00,0,0,musicplaza,False,2022-11-15
이루 | ERU [ ERU BEST ALBUM ],https://www.musicplaza.com/collections/adult-contemporary/products/eru-%EC%9D%B4%EB%A3%A8-best-album-%EB%B2%A0%EC%8A%A4%ED%8A%B8-%EC%95%A8%EB%B2%94,15.99,False,0.00,0,0,musicplaza,False,2022-11-15
유재하 | YOO JAEHA 30TH ANNIVERSARY ALBUM [ 우리 이대로 영원히 ],https://www.musicplaza.com/collections/adult-contemporary/products/yoo-jae-ha-%EC%9C%A0%EC%9E%AC%ED%95%98-%EC%9C%A0%EC%9E%AC%ED%95%98-30%EB%85%84-%EC%9A%B0%EB%A6%AC-%EC%9D%B4%EB%8C%80%EB%A1%9C-%EC%98%81%EC%9B%90%ED%9E%88,19.99,False,0.00,0,0,musicplaza,False,2022-11-15
전통가요 명가 | 원음으로 듣는 오리지널 명곡 향수와 추억에 젖어보는,https://www.musicplaza.com/collections/adult-contemporary/products/suc2107,29.99,False,0.00,0,0,musicplaza,False,2022-11-15
이선희 | LEE SUNHEE REMAKE ALBUM [ LE DERNIER AMOUR ],https://www.musicplaza.com/collections/adult-contemporary/products/l100005492,17.99,False,0.00,0,0,musicplaza,False,2022-11-15
황치열 | Hwang Chi Yeul 2nd Mini Album - Be Myself,https://www.musicplaza.com/collections/adult-contemporary/products/bgcd0056,18.99,False,0.00,0,0,musicplaza,False,2022-11-15
박효신 | PARK HYOSHIN 7TH ALBUM [ I AM A DREAMER ],https://www.musicplaza.com/collections/adult-contemporary/products/l200001309,29.99,False,5.00,0,1,musicplaza,True,2022-11-15
들국화 | DEUL GOOK HWA / LIVE CONCERT,https://www.musicplaza.com/collections/adult-contemporary/products/kscd0078,19.99,False,0.00,0,0,musicplaza,False,2022-11-15
임창정 | IM CHANGJUNG 13TH ALBUM [ I'M ],https://www.musicplaza.com/collections/adult-contemporary/products/int0062,19.99,False,0.00,0,0,musicplaza,False,2022-11-15
대학가요제 | CAMPUS SONG FESTIVAL / BEST OF BEST,https://www.musicplaza.com/collections/adult-contemporary/products/shcd0803,19.99,False,0.00,0,0,musicplaza,False,2022-11-15
오리지날 | 스페셜 트롯 베스트 [ VOL.3 ] ORIGINAL SPECIAL TROT BEST,https://www.musicplaza.com/collections/adult-contemporary/products/socd0207,16.99,False,0.00,0,0,musicplaza,True,2022-11-15
박효신 | PARK HYOSHIN LIVE ALBUM [ NEXT DESTINATION...NEW YORK ] CD + DVD,https://www.musicplaza.com/collections/adult-contemporary/products/wmed0379,18.99,False,0.00,0,0,musicplaza,True,2022-11-15
백세인생 | 오리지날 2CD,https://www.musicplaza.com/collections/adult-contemporary/products/360691,14.99,False,0.00,0,0,musicplaza,False,2022-11-15
"전인권, 허성욱 | 추억 들국화 JUN INKWON, HUH SUNGWOOK 1979~1987 추억 들국화",https://www.musicplaza.com/collections/adult-contemporary/products/kscd0024,14.99,False,0.00,0,0,musicplaza,False,2022-11-15
신승훈 | Shin Seunghoon VOL.11/ I AM…& I AM,https://www.musicplaza.com/collections/adult-contemporary/products/cmcc10679,19.99,False,0.00,0,0,musicplaza,True,2022-11-15
김종환 | KIM JONGHWAN데뷔 30주년 기념음반 8집,https://www.musicplaza.com/collections/adult-contemporary/products/cmdc10174,19.99,False,0.00,0,0,musicplaza,True,2022-11-15
한국서정가곡 | 베스트 48곡,https://www.musicplaza.com/collections/adult-contemporary/products/suc2106,26.99,False,0.00,0,0,musicplaza,True,2022-11-15
양희은 | YANG HEEEUN 고운노래 모음 2집,https://www.musicplaza.com/collections/adult-contemporary/products/kcd0118,16.99,False,0.00,0,0,musicplaza,False,2022-11-15
양희은 | YANG HEEEUN 고운노래 모음,https://www.musicplaza.com/collections/adult-contemporary/products/kcd0113,16.99,False,0.00,0,0,musicplaza,False,2022-11-15
이소라 | LEE SORA | BEST,https://www.musicplaza.com/collections/adult-contemporary/products/kscd0012,16.99,False,0.00,0,0,musicplaza,True,2022-11-15
이승기 | LEE SEUNGGI 6TH ALBUM [ AND... ],https://www.musicplaza.com/collections/adult-contemporary/products/l100005045,18.99,False,0.00,0,0,musicplaza,True,2022-11-15
윤종신 | YOON JONGSHIN 5TH COMPILATION ALBUM [ MONTHLY PROJECT 2014 ],https://www.musicplaza.com/collections/adult-contemporary/products/cmdc10478,32.99,False,0.00,0,0,musicplaza,True,2022-11-15
"김범수 | KIM, BUMSOO 2.5 - NEW SONG&SPECIAL | 2CD",https://www.musicplaza.com/collections/adult-contemporary/products/sgcd0064,19.99,False,0.00,0,0,musicplaza,True,2022-11-15
브라운 아이즈 | BROWN EYES 1ST ALBUM [ 벌써 1년....],https://www.musicplaza.com/collections/adult-contemporary/products/cmdc10543,18.99,False,0.00,0,0,musicplaza,False,2022-11-15
오승근 | OH SEUNGGEUN SPECIAL ALBUM [ 내나이가 어때서 ],https://www.musicplaza.com/collections/adult-contemporary/products/gmcd0217,16.99,False,0.00,0,0,musicplaza,False,2022-11-15
"송소희 | Song, Sohee 아름다운 락 콘서트- 얼쑤",https://www.musicplaza.com/collections/adult-contemporary/products/725532,17.99,False,0.00,0,0,musicplaza,True,2022-11-15
"이동원 / 이필원 / 이수만 | Lee, Dongwon / Lee, Pilwon / Lee, Sooman 뮤지션 시리즈",https://www.musicplaza.com/collections/adult-contemporary/products/padc009,19.99,False,0.00,0,0,musicplaza,False,2022-11-15
"문희옥 | MOON, HEEOK / Golden",https://www.musicplaza.com/collections/adult-contemporary/products/jmcd0058,14.99,False,0.00,0,0,musicplaza,False,2022-11-15
"나훈아 | NA, HOONA골든 2집",https://www.musicplaza.com/collections/adult-contemporary/products/jmcd0069,11.99,False,0.00,0,0,musicplaza,True,2022-11-15
서태지 | SEO TAIJI 9TH ALBUM [ QUIET NIGHT ],https://www.musicplaza.com/collections/adult-contemporary/products/cmcc10422,18.99,False,5.00,0,1,musicplaza,False,2022-11-15
김정구 | KIM JUNG GOO 골든 디럭스,https://www.musicplaza.com/collections/adult-contemporary/products/jcds0272,14.99,False,0.00,0,0,musicplaza,False,2022-11-15
"이문세 | LEE, MOONSAE 15집 NEW DIRECTION",https://www.musicplaza.com/collections/adult-contemporary/products/l200001097,18.99,False,0.00,0,0,musicplaza,False,2022-11-15
"조용필 | Cho, Yongpil 19집 [ Hello ]",https://www.musicplaza.com/collections/adult-contemporary/products/dk0745,19.99,False,0.00,0,0,musicplaza,False,2022-11-15
들고양이들 | Wild Cats 베스트 / 원음으로 다시 듣고 싶다,https://www.musicplaza.com/collections/adult-contemporary/products/sd2cd3464,16.99,False,0.00,0,0,musicplaza,False,2022-11-15
박지윤 | PARK JIYOON 8TH ALBUM [ 나무가 되는꿈 ],https://www.musicplaza.com/collections/adult-contemporary/products/s90423,19.99,False,0.00,0,0,musicplaza,False,2022-11-15
이승기 | LEE SEUNGGI 5TH ALBUM [ TONGIHT ],https://www.musicplaza.com/collections/adult-contemporary/products/l100004373,16.99,False,0.00,0,0,musicplaza,False,2022-11-15
김세레나 | KIM SERENA  GOLDEN  가요/ 민요 골든 2CD,https://www.musicplaza.com/collections/adult-contemporary/products/jmcd0088,13.99,False,0.00,0,0,musicplaza,False,2022-11-15
"조용필 | Cho, Yongpil 베스트1집 2CD",https://www.musicplaza.com/collections/adult-contemporary/products/jmcd0022,15.99,False,0.00,0,0,musicplaza,False,2022-11-15
대한민국 대표발라드 [ 듣고 있나요...Page1 ],https://www.musicplaza.com/collections/adult-contemporary/products/himcd0002,25.99,False,0.00,0,0,musicplaza,False,2022-11-15
케이윌 | K.WILL 3RD ALBUM PART 1 [ THE THIRD ALBUM ],https://www.musicplaza.com/collections/adult-contemporary/products/l100004585,15.99,False,0.00,0,0,musicplaza,False,2022-11-15
"한영애 | HAN, YOUNG AE - BEST",https://www.musicplaza.com/collections/adult-contemporary/products/kscd0005,17.99,False,0.00,0,0,musicplaza,False,2022-11-15
"양희은 | YANG, HEEEUN | MEMORIES 2CD",https://www.musicplaza.com/collections/adult-contemporary/products/ywrcd095,25.99,False,0.00,0,0,musicplaza,False,2022-11-15
진한찻잔 | CAFE MUSIC | 향기있는 음악 2 ORIGINAL CAFE MUSIC,https://www.musicplaza.com/collections/adult-contemporary/products/sd2cd3449,17.99,False,0.00,0,0,musicplaza,True,2022-11-15
이수 | ISU 2ND ALBUM [ INHALE ],https://www.musicplaza.com/collections/adult-contemporary/products/l200001415,15.99,False,0.00,0,0,musicplaza,False,2022-11-15
거미 | GUMMY 7TH ALBUM [ STROKE ],https://www.musicplaza.com/collections/adult-contemporary/products/l200001432,21.99,False,0.00,0,0,musicplaza,False,2022-11-15
황치열 | Hwang Chi Yeul  | 1st Mini Album - Be Ordinary,https://www.musicplaza.com/collections/adult-contemporary/products/bgcd0009,18.99,False,0.00,0,0,musicplaza,False,2022-11-15
"나훈아 | NA, HOONA DREAM AGAIN - The Man's life story",https://www.musicplaza.com/collections/adult-contemporary/products/822111,19.99,False,5.00,0,1,musicplaza,False,2022-11-15
신혜성 Shin HyeSung |  | Special Album - Serenity [Color Ver.],https://www.musicplaza.com/collections/adult-contemporary/products/wmed0701,19.99,False,0.00,0,0,musicplaza,False,2022-11-15
플라이 투 더 스카이 | FLY TO THE SKY | 2ND MINI ALBUM - YOUR SEASON [ 너의 계절 ],https://www.musicplaza.com/collections/adult-contemporary/products/l200001499,16.99,False,0.00,0,0,musicplaza,True,2022-11-15
"김동률 | KIM, DONGRYUL Mini Album - Reply [답장]",https://www.musicplaza.com/collections/adult-contemporary/products/l100005437,16.99,False,0.00,0,0,musicplaza,False,2022-11-15
정승환 | JUNG SEUNGHWAN 1ST ALBUM [ AND SPRING ] LIMITED EDITION,https://www.musicplaza.com/collections/adult-contemporary/products/ktmcd0908,39.99,False,5.00,0,1,musicplaza,False,2022-11-15
정승환 | JUNG SEUNGHWAN 1ST ALBUM [ AND SPRING ] REGULAR VERSION,https://www.musicplaza.com/collections/adult-contemporary/products/ktmcd0907,18.99,False,0.00,0,0,musicplaza,True,2022-11-15
황 프로젝트 | HWANG PROJECT 1ST ALBUM [ WELCOME TO THE FANTASTIC WORLD ],https://www.musicplaza.com/collections/adult-contemporary/products/vdcd6104,12.99,False,0.00,0,0,musicplaza,False,2022-11-15
조성모 | JO SUNGMO 7TH ALBUM [ SECOND HALF ],https://www.musicplaza.com/collections/adult-contemporary/products/cmcc9041,13.99,False,0.00,0,0,musicplaza,False,2022-11-15
심수봉 | SHIM SOOBONG 30TH ANNIVERSARY ALBUM [ BEAUTIFUL LOVE ],https://www.musicplaza.com/collections/adult-contemporary/products/s90191,24.99,False,0.00,0,0,musicplaza,False,2022-11-15
"박정현 | PARK, JUNGHYUN 불후의 명작 1,2,3집",https://www.musicplaza.com/collections/adult-contemporary/products/vdcd6206,29.99,False,0.00,0,0,musicplaza,False,2022-11-15
"임지훈 Im, Jiehoon | Memories:두번째",https://www.musicplaza.com/collections/adult-contemporary/products/s90247,16.99,False,0.00,0,0,musicplaza,False,2022-11-15
이승철 | LEE SEUNGCHUL [ GOLDEN BALLAD & SPECIAL LIVE ],https://www.musicplaza.com/collections/adult-contemporary/products/wacd5006,17.99,False,0.00,0,0,musicplaza,True,2022-11-15
김종환 | KIM JONGHWAN [Timeless Love ] Best Album 사랑이여 영원히,https://www.musicplaza.com/collections/adult-contemporary/products/ktmcd3021,16.99,False,0.00,0,0,musicplaza,True,2022-11-15
"조영남 Cho, Youngnam | 노래 그리고 인생",https://www.musicplaza.com/collections/adult-contemporary/products/kscb0011,19.99,False,0.00,0,0,musicplaza,False,2022-11-15
친구야~ 소풍가자 | 70-80 다시 듣고 싶다-Original 3CD,https://www.musicplaza.com/collections/adult-contemporary/products/sd2cd3453,25.99,False,0.00,0,0,musicplaza,False,2022-11-15
이문세 | LEE MOONSAE [ 광화문연가 오리지날 ],https://www.musicplaza.com/collections/adult-contemporary/products/ywrcd157,18.99,False,0.00,0,0,musicplaza,False,2022-11-15
"오기택 | Oh, Kitaek / 골든",https://www.musicplaza.com/collections/adult-contemporary/products/jmcd0083,14.99,False,0.00,0,0,musicplaza,False,2022-11-15
백영규 | BAEK YOUNGKYU 골든,https://www.musicplaza.com/collections/adult-contemporary/products/jmcd0089,15.99,False,0.00,0,0,musicplaza,False,2022-11-15
"나훈아 Na, Hoona | 디스코 콜렉션",https://www.musicplaza.com/collections/adult-contemporary/products/sd2cd3404,12.99,False,0.00,0,0,musicplaza,True,2022-11-15
"김광석 | KIM, KWANGSUK다시부르기 1,2",https://www.musicplaza.com/collections/adult-contemporary/products/cmdc9873,21.99,False,0.00,0,0,musicplaza,True,2022-11-15
라나에로스포 - 골든  (LANA.ET.ROSPO - GOLDEN <2 FOR 1>),https://www.musicplaza.com/collections/adult-contemporary/products/jmcd0096,14.99,False,0.00,0,0,musicplaza,False,2022-11-15
이선희 | LEE SUNHEE [ GOLDEN ALBUM ],https://www.musicplaza.com/collections/adult-contemporary/products/jmcd0055,15.99,False,0.00,0,0,musicplaza,False,2022-11-15
"김광석 | KIM, KWANGSUK / Best",https://www.musicplaza.com/collections/adult-contemporary/products/cmdc9875,18.99,False,0.00,0,0,musicplaza,False,2022-11-15
"이동원 | LEE, DONGWON / GOLDEN 2CD",https://www.musicplaza.com/collections/adult-contemporary/products/jmcd0124,14.99,False,5.00,0,1,musicplaza,False,2022-11-15
이상은 | LEE SANGEUN 13TH ALBUM [ THE 3RD PLACE ],https://www.musicplaza.com/collections/adult-contemporary/products/sb0013,16.99,False,0.00,0,0,musicplaza,False,2022-11-15
진한커피 | BLACK COFFEE VOL. 3.5,https://www.musicplaza.com/collections/adult-contemporary/products/ksca7015,16.99,False,0.00,0,0,musicplaza,False,2022-11-15
대학가요제 베스트 A Song Festival In University,https://www.musicplaza.com/collections/adult-contemporary/products/jmcd0027,18.99,False,0.00,0,0,musicplaza,False,2022-11-15
남인수 | NAM INSOO 골든,https://www.musicplaza.com/collections/adult-contemporary/products/jmcd0029,12.99,False,0.00,0,0,musicplaza,False,2022-11-15
진한커피 | BLACK COFFEE VOL. 5,https://www.musicplaza.com/collections/adult-contemporary/products/ksca5004,15.99,False,0.00,0,0,musicplaza,False,2022-11-15
"나훈아 Na, Hoona",https://www.musicplaza.com/collections/adult-contemporary/products/jmcd0044,13.99,False,0.00,0,0,musicplaza,False,2022-11-15
"조용필 | Cho, Yongpil / Best 3",https://www.musicplaza.com/collections/adult-contemporary/products/jmcd0046,15.99,False,0.00,0,0,musicplaza,False,2022-11-15
"나훈아 Na, Hoona 40th Anniversar Special Ablum-벗",https://www.musicplaza.com/collections/adult-contemporary/products/acd1175,15.99,False,0.00,0,0,musicplaza,False,2022-11-15
"남진 Nam, Jin / Golden",https://www.musicplaza.com/collections/adult-contemporary/products/jmcd0049,14.99,False,0.00,0,0,musicplaza,True,2022-11-15
"문주란 Moon, Jooran / Golden",https://www.musicplaza.com/collections/adult-contemporary/products/jmcd0060,14.99,False,0.00,0,0,musicplaza,False,2022-11-15
전영 골든  | JEON YOUNG GOLDEN,https://www.musicplaza.com/collections/adult-contemporary/products/jmcd0071,12.99,False,0.00,0,0,musicplaza,False,2022-11-15
슈퍼스타 애창가요 | KOREAN TROT COLLECTION,https://www.musicplaza.com/collections/adult-contemporary/products/sny63711,14.99,False,,,,musicplaza,True,2022-11-15
"나훈아 Na, Hoona | Gold",https://www.musicplaza.com/collections/adult-contemporary/products/sscd122,15.99,False,0.00,0,0,musicplaza,True,2022-11-15
유재하 | YU JAEHA 1집 [ 사랑하기 때문에 ],https://www.musicplaza.com/collections/adult-contemporary/products/l100004613,18.99,False,0.00,0,0,musicplaza,False,2022-11-15
"노사연 / Noh, Sayeon / Golden",https://www.musicplaza.com/collections/adult-contemporary/products/cpk2690,13.99,False,0.00,0,0,musicplaza,True,2022-11-15
"남진,나훈아 Nam, Jin & Na, Hoona | 힛트곡 경창",https://www.musicplaza.com/collections/adult-contemporary/products/jcds0170,12.99,False,0.00,0,0,musicplaza,True,2022-11-15
KBS 가요무대 100선,https://www.musicplaza.com/collections/adult-contemporary/products/jkcd001,29.99,False,0.00,0,0,musicplaza,True,2022-11-15
7080 가요산책,https://www.musicplaza.com/collections/adult-contemporary/products/cpk2972,14.99,False,0.00,0,0,musicplaza,False,2022-11-15
전람회 | EXHIBITION 3RD ALBUM [ 졸업 ],https://www.musicplaza.com/collections/adult-contemporary/products/dycd1064,18.99,False,0.00,0,0,musicplaza,False,2022-11-15
"노사연 No, Sayeon | 1집 | 님그림자 우리에겐",https://www.musicplaza.com/collections/adult-contemporary/products/jcds0147,19.99,False,0.00,0,0,musicplaza,False,2022-11-15
"노사연 No, Sayeon | 2집 | 만남",https://www.musicplaza.com/collections/adult-contemporary/products/jcds0124,19.99,False,0.00,0,0,musicplaza,False,2022-11-15
"박인희 Park, Inhee 골든 | 모닥불 하얀 조가비 2CD",https://www.musicplaza.com/collections/adult-contemporary/products/jcds0033,13.99,False,0.00,0,0,musicplaza,False,2022-11-15
"나훈아 Na, Hoona | 힛트곡 전집",https://www.musicplaza.com/collections/adult-contemporary/products/jcds0021,12.99,False,0.00,0,0,musicplaza,True,2022-11-15
듀스 | DEUX 1집 | 나를 돌아봐,https://www.musicplaza.com/collections/adult-contemporary/products/jcds0370,16.99,False,5.00,0,1,musicplaza,True,2022-11-15
"나훈아 Na, Hoona | 1집-지구",https://www.musicplaza.com/collections/adult-contemporary/products/jcds0667,12.99,False,0.00,0,0,musicplaza,True,2022-11-15
조영남 | CHO YOUNGNAM [ ORIGINAL BEST ],https://www.musicplaza.com/collections/adult-contemporary/products/jg3,22.99,False,0.00,0,0,musicplaza,False,2022-11-15
"양희은 | Yang, Heeeun 골든 베스트 18",https://www.musicplaza.com/collections/adult-contemporary/products/kcd080,14.99,False,0.00,0,0,musicplaza,False,2022-11-15
진한커피 | BLACK COFFEE VOL. 1,https://www.musicplaza.com/collections/adult-contemporary/products/ksc9053,15.99,False,0.00,0,0,musicplaza,False,2022-11-15
"나훈아 | Na, Hoona오리지날 힛송 총결산집",https://www.musicplaza.com/collections/adult-contemporary/products/orc1006,12.99,False,0.00,0,0,musicplaza,True,2022-11-15
"나훈아 + 주현미 Na, Hoona + Joo, Hyunmi | 노래대결 메들리",https://www.musicplaza.com/collections/adult-contemporary/products/orc1620,12.99,False,0.00,0,0,musicplaza,True,2022-11-15
나미 | NAMI 골든히트 Vol.2,https://www.musicplaza.com/collections/adult-contemporary/products/sdcd3320,14.99,False,0.00,0,0,musicplaza,False,2022-11-15
나미 | NAMI Golden Hit 골든히트 Vol.1,https://www.musicplaza.com/collections/adult-contemporary/products/sdcd3319,14.99,False,0.00,0,0,musicplaza,False,2022-11-15
"김정호 | KIM, JUNG HOGOLDEN",https://www.musicplaza.com/collections/adult-contemporary/products/srcd3002,15.99,False,0.00,0,0,musicplaza,False,2022-11-15
"장사익 | JANG, SAIK4집 - 꿈꾸는 세상",https://www.musicplaza.com/collections/adult-contemporary/products/srcd1511,16.99,False,0.00,0,0,musicplaza,False,2022-11-15
"나훈아 Na, Hoona  BEST VOL.3 전곡집 3",https://www.musicplaza.com/collections/adult-contemporary/products/acd276,14.99,False,0.00,0,0,musicplaza,False,2022-11-15
"나훈아 Na, Hoona 전곡집/2",https://www.musicplaza.com/collections/adult-contemporary/products/acd275,12.99,False,5.00,0,1,musicplaza,True,2022-11-15
"나훈아 Na, Hoona 향수",https://www.musicplaza.com/collections/adult-contemporary/products/acd1171-1,18.99,False,5.00,0,1,musicplaza,False,2022-11-15
