item,url,price,is_autograph,vendor,is_sold_out,ds
Pre-Order - BoA The 3rd Mini Album 'Forgive Me' (Forgive Ver.),https://smglobalshop.com/products/pre-order-boa-the-3rd-mini-album-forgive-me-forgive-ver,24,False,smglobalshop,False,2022-11-14
Pre-Order - BoA The 3rd Mini Album 'Forgive Me' (Digipack Ver.),https://smglobalshop.com/products/pre-order-boa-the-3rd-mini-album-forgive-me-digipack-ver,21,False,smglobalshop,False,2022-11-14
Pre-Order - BoA The 3rd Mini Album 'Forgive Me' (Hate Ver.),https://smglobalshop.com/products/pre-order-boa-the-3rd-mini-album-forgive-me-hate-ver,26,False,smglobalshop,True,2022-11-14
Pre-Order - [WayV] 2023 SEASON'S GREETINGS,https://smglobalshop.com/products/pre-order-wayv-2023-seasons-greetings,60,False,smglobalshop,False,2022-11-14
Pre-Order - [aespa] 2023 SEASON'S GREETINGS,https://smglobalshop.com/products/pre-order-aespa-2023-seasons-greetings,60,False,smglobalshop,False,2022-11-14
Pre-Order - [NCT DREAM] 2023 SEASON'S GREETINGS,https://smglobalshop.com/products/pre-order-nct-dream-2023-seasons-greetings-1,60,False,smglobalshop,False,2022-11-14
Pre-Order - [NCT 127] 2023 SEASON'S GREETINGS,https://smglobalshop.com/products/pre-order-nct-127-2023-seasons-greetings,60,False,smglobalshop,False,2022-11-14
Pre-Order - [Red Velvet] 2023 SEASON'S GREETINGS,https://smglobalshop.com/products/pre-order-red-velvet-2023-seasons-greetings,60,False,smglobalshop,False,2022-11-14
Pre-Order - [EXO] 2023 SEASON'S GREETINGS,https://smglobalshop.com/products/pre-order-exo-2023-seasons-greetings,60,False,smglobalshop,False,2022-11-14
Pre-Order - [SHINee] 2023 SEASON'S GREETINGS,https://smglobalshop.com/products/pre-order-shinee-2023-seasons-greetings,60,False,smglobalshop,False,2022-11-14
Pre-Order - [TVXQ!] 2023 SEASON'S GREETINGS,https://smglobalshop.com/products/pre-order-nct-dream-2023-seasons-greetings,60,False,smglobalshop,False,2022-11-14
Pre-Order - SUPER JUNIOR 17th Anniversary Opener Key Ring,https://smglobalshop.com/products/pre-order-super-junior-17th-anniversary-opener-key-ring,27,False,smglobalshop,True,2022-11-14
Pre-Order - SUPER JUNIOR 17th Anniversary Lucky Card Set,https://smglobalshop.com/products/pre-order-super-junior-17th-anniversary-lucky-card-set,16,False,smglobalshop,False,2022-11-14
Pre-Order - SUPER JUNIOR 17th Anniversary Necklace Set,https://smglobalshop.com/products/pre-order-super-junior-17th-anniversary-necklace-set,40,False,smglobalshop,True,2022-11-14
Pre-Order - SUPER JUNIOR 17th Anniversary Acrylic Stand & AR Voice Card Set,https://smglobalshop.com/products/pre-order-super-junior-17th-anniversary-acrylic-stand-ar-voice-card-set,32,False,smglobalshop,False,2022-11-14
Pre-Order - Red Velvet Mini Album ‘The ReVe Festival 2022 - Birthday’ (Cake Ver.) (Limited Edition),https://smglobalshop.com/products/pre-order-red-velvet-mini-album-the-reve-festival-2022-birthday-cake-ver,28,False,smglobalshop,False,2022-11-14
Pre-Order - Red Velvet Mini Album ‘The ReVe Festival 2022 - Birthday’ (Photo Book Ver.),https://smglobalshop.com/products/pre-order-red-velvet-mini-album-the-reve-festival-2022-birthday-photo-book-ver,24,False,smglobalshop,False,2022-11-14
Pre-Order - NCT DREAM 'LAUNDRY SHOP' Ball Cap (Denim),https://smglobalshop.com/products/pre-order-nct-dream-laundry-shop-ball-cap-denim,38,False,smglobalshop,True,2022-11-14
Pre-Order - NCT DREAM 'LAUNDRY SHOP' Ball Cap (Orange),https://smglobalshop.com/products/pre-order-nct-dream-laundry-shop-ball-cap-orange,38,False,smglobalshop,True,2022-11-14
Pre-Order - NCT DREAM 'LAUNDRY SHOP' String Bag,https://smglobalshop.com/products/pre-order-nct-dream-laundry-shop-string-bag,32,False,smglobalshop,False,2022-11-14
Pre-Order - NCT DREAM 'LAUNDRY SHOP' Towel,https://smglobalshop.com/products/pre-order-nct-dream-laundry-shop-towel,30,False,smglobalshop,True,2022-11-14
Pre-Order - NCT DREAM 'LAUNDRY SHOP' Layered Charm Keyring,https://smglobalshop.com/products/pre-order-nct-dream-laundry-shop-layered-charm-keyring,28,False,smglobalshop,False,2022-11-14
Pre-Order - NCT DREAM 'LAUNDRY SHOP' Wall Photo,https://smglobalshop.com/products/pre-order-nct-dream-laundry-shop-wall-photo,25,False,smglobalshop,False,2022-11-14
Pre-Order - NCT DREAM 'LAUNDRY SHOP' Photo Holder & Sticker,https://smglobalshop.com/products/pre-order-nct-dream-laundry-shop-photo-holder-sticker,20,False,smglobalshop,False,2022-11-14
Pre-Order - NCT DREAM 'LAUNDRY SHOP' Hologram Photo Card Set,https://smglobalshop.com/products/pre-order-nct-dream-laundry-shop-hologram-photo-card-set,18,False,smglobalshop,True,2022-11-14
Pre-Order - NCT DREAM 'LAUNDRY SHOP' Tin Case Photo Set,https://smglobalshop.com/products/pre-order-nct-dream-laundry-shop-tin-case-photo-set,27,False,smglobalshop,True,2022-11-14
Pre-Order - NCT DREAM 'LAUNDRY SHOP' Random Masking Tape,https://smglobalshop.com/products/pre-order-nct-dream-laundry-shop-random-masking-tape,15,False,smglobalshop,False,2022-11-14
Pre-Order - NCT DREAM 'LAUNDRY SHOP' Random Roundy Card Pack,https://smglobalshop.com/products/pre-order-nct-dream-laundry-shop-random-roundy-card-pack,18,False,smglobalshop,True,2022-11-14
Pre-Order - GIRLS' GENERATION 'FOREVER 1' Varsity Jacket + SGS Exclusive Postcard,https://smglobalshop.com/products/pre-order-girls-generation-forever-1-varsity-jacket-sgs-exclusive-postcard,150,False,smglobalshop,False,2022-11-14
[NCT X SANRIO Collaboration] Party Package,https://smglobalshop.com/products/nct-x-sanrio-collaboration-party-package,47,False,smglobalshop,False,2022-11-14
[NCT X SANRIO Collaboration] Photo Card Sleeve Set,https://smglobalshop.com/products/nct-x-sanrio-collaboration-photo-card-sleeve-set,20,False,smglobalshop,False,2022-11-14
[NCT X SANRIO Collaboration] Postcard,https://smglobalshop.com/products/nct-x-sanrio-collaboration-postcard,15,False,smglobalshop,False,2022-11-14
[NCT X SANRIO Collaboration] Acrylic Stand Set,https://smglobalshop.com/products/pre-order-nct-x-sanrio-collaboration-acrylic-stand-set,28,False,smglobalshop,False,2022-11-14
Pre-Order - CHEN The 3rd Mini Album ‘사라지고 있어 (Last Scene)' (Digipack Ver.) + Special Postcard,https://smglobalshop.com/products/pre-order-chen-the-3rd-mini-album-사라지고-있어-last-scene-digipack-ver-special-postcard,19,False,smglobalshop,False,2022-11-14
Pre-Order - CHEN The 3rd Mini Album ‘사라지고 있어 (Last Scene)' (Photo Book Ver.) + Special Postcard,https://smglobalshop.com/products/pre-order-chen-the-3rd-mini-album-사라지고-있어-last-scene-photo-book-ver-special-postcard,24,False,smglobalshop,True,2022-11-14
SEULGI The 1st Mini Album_’28 Reasons’ (Special Ver.) + Special Postcard,https://smglobalshop.com/products/2nd-pre-order-seulgi-the-1st-mini-album_-28-reasons-special-ver-special-postcard,28,False,smglobalshop,True,2022-11-14
SEULGI The 1st Mini Album_’28 Reasons’ (Photobook Ver.) + Special Postcard,https://smglobalshop.com/products/2nd-pre-order-seulgi-the-1st-mini-album_-28-reasons-photobook-ver-special-postcard,23,False,smglobalshop,True,2022-11-14
SEULGI The 1st Mini Album_’28 Reasons’ (Case Ver.) + Special Postcard,https://smglobalshop.com/products/2nd-pre-order-seulgi-the-1st-mini-album_-28-reasons-case-ver-special-postcard,25,False,smglobalshop,True,2022-11-14
Pre-Order - NCT Official Fanlight (Lightstick),https://smglobalshop.com/products/pre-order-nct-official-fanlight-lightstick-1,55,False,smglobalshop,True,2022-11-14
NCT 127 질주 2Baddies Dad Hat Deluxe Box Set,https://smglobalshop.com/products/pre-order-nct-127-질주-2baddies-dad-hat-deluxe-box-set,40,False,smglobalshop,False,2022-11-14
NCT 127 질주 2Baddies Tote Bag Deluxe Box Set,https://smglobalshop.com/products/pre-order-nct-127-질주-2baddies-tote-bag-deluxe-box-set,40,False,smglobalshop,False,2022-11-14
NCT 127 질주 2Baddies Long Sleeve T-shirts Deluxe Box Set,https://smglobalshop.com/products/pre-order-nct-127-질주-2baddies-long-sleeve-t-shirts-deluxe-box-set,40,False,smglobalshop,False,2022-11-14
XIUMIN The 1st Mini Album 'Brand New' (Digipack Ver.),https://smglobalshop.com/products/pre-order-xiumin-the-1st-mini-album-brand-new-digipack-ver,20,False,smglobalshop,True,2022-11-14
XIUMIN The 1st Mini Album 'Brand New' (Photo Book Ver.),https://smglobalshop.com/products/pre-order-xiumin-the-1st-mini-album-brand-new-photo-book-ver,22,False,smglobalshop,True,2022-11-14
Pre-Order - [2022 Girls' Generation Special Event : Long Lasting Love] Fortune Scratch Card Set,https://smglobalshop.com/products/pre-order-2022-girls-generation-special-event-long-lasting-love-fortune-scratch-card-set,10,False,smglobalshop,True,2022-11-14
Pre-Order - [2022 Girls' Generation Special Event : Long Lasting Love] Key Ring + Photo Card Set,https://smglobalshop.com/products/pre-order-2022-girls-generation-special-event-long-lasting-love-key-ring-photo-card-set,28,False,smglobalshop,True,2022-11-14
Pre-Order - [2022 Girls' Generation Special Event : Long Lasting Love] Mug + Photo Card Set,https://smglobalshop.com/products/pre-order-2022-girls-generation-special-event-long-lasting-love-mug-photo-card-set,30,False,smglobalshop,True,2022-11-14
Pre-Order - [2022 Girls' Generation Special Event : Long Lasting Love] Logo Chain Badge Set,https://smglobalshop.com/products/pre-order-2022-girls-generation-special-event-long-lasting-love-logo-chain-badge-set,25,False,smglobalshop,True,2022-11-14
Pre-Order - [2022 Girls' Generation Special Event : Long Lasting Love] Special AR Ticket Set,https://smglobalshop.com/products/pre-order-2022-girls-generation-special-event-long-lasting-love-special-ar-ticket-set,20,False,smglobalshop,True,2022-11-14
Pre-Order - [2022 Girls' Generation Special Event : Long Lasting Love] String Eco Bag,https://smglobalshop.com/products/pre-order-2022-girls-generation-special-event-long-lasting-love-string-eco-bag,40,False,smglobalshop,True,2022-11-14
Pre-Order - [2022 Girls' Generation Special Event : Long Lasting Love] Hoodie B,https://smglobalshop.com/products/pre-order-2022-girls-generation-special-event-long-lasting-love-hoodie-b,75,False,smglobalshop,True,2022-11-14
Pre-Order - [2022 Girls' Generation Special Event : Long Lasting Love] Hoodie A,https://smglobalshop.com/products/pre-order-2022-girls-generation-special-event-long-lasting-love-hoodie-a,75,False,smglobalshop,True,2022-11-14
Pre-Order - aespa 'Girls' Bracelet + SGS Exclusive Photo Card,https://smglobalshop.com/products/pre-order-aespa-girls-necklace-sgs-exclusive-photo-card,37,False,smglobalshop,False,2022-11-14
Pre-Order - aespa 'Girls' Sunglasses + SGS Exclusive Photo Card,https://smglobalshop.com/products/pre-order-aespa-girls-sunglasses-sgs-exclusive-photo-card,35,False,smglobalshop,False,2022-11-14
Pre-Order - aespa 'Girls' Mini Shoulder Bag + SGS Exclusive Photo Card,https://smglobalshop.com/products/pre-order-aespa-girls-mini-shoulder-bag-sgs-exclusive-photo-card,65,False,smglobalshop,False,2022-11-14
Pre-Order - aespa 'Life's Too Short' Photocard Collection Book + SGS Exclusive Photo Card,https://smglobalshop.com/products/pre-order-aespa-lifes-too-short-photocard-collection-book-sgs-exclusive-photo-card,32,False,smglobalshop,True,2022-11-14
Pre-Order - aespa 'Life's Too Short' 1000pcs Puzzle + SGS Exclusive Photo Card,https://smglobalshop.com/products/pre-order-aespa-lifes-too-short-1000pcs-puzzle-sgs-exclusive-photo-card,40,False,smglobalshop,False,2022-11-14
NCT 127 The 4th Album ‘2 Baddies’ (Digipack Ver.),https://smglobalshop.com/products/pre-order-nct-127-the-4th-album-2-baddies-digipack-ver,13.98,False,smglobalshop,False,2022-11-14
NCT 127 질주 2 Baddies Lanyard + Buttons Deluxe Box Set,https://smglobalshop.com/products/pre-order-nct-127-질주-2-baddies-lanyard-buttons-deluxe-box-set,40,False,smglobalshop,False,2022-11-14
NCT 127 질주 2Baddies Short Sleeve T-shirts Deluxe Box Set,https://smglobalshop.com/products/pre-order-nct-127-the-4th-album-2-baddies-short-sleeve-t-shirts-deluxe-box-set,40,False,smglobalshop,False,2022-11-14
BoA 22nd Anniversary Key Ring,https://smglobalshop.com/products/pre-order-boa-22nd-anniversary-key-ring,28,False,smglobalshop,False,2022-11-14
BoA 22nd Anniversary Lucky Card Set,https://smglobalshop.com/products/pre-order-boa-22nd-anniversary-lucky-card-set,18,False,smglobalshop,False,2022-11-14
NCT DREAM 6th Anniversary Acrylic Stand & AR Voice Card Set,https://smglobalshop.com/products/pre-order-nct-dream-6th-anniversary-acrylic-stand-ar-voice-card-set,32,False,smglobalshop,False,2022-11-14
NCT 127 The 4th Album ‘2 Baddies’ (Photobook Ver.),https://smglobalshop.com/products/pre-order-nct-127-the-4th-album-2-baddies-photobook-ver,18.98,False,smglobalshop,False,2022-11-14
Pre-Order - KEY The 2nd Album ’Gasoline’ (VHS Ver.) + SGS Bonus Postcard,https://smglobalshop.com/products/pre-order-key-the-2nd-album-gasoline-vhs-ver,28,False,smglobalshop,True,2022-11-14
Pre-Order - KEY The 2nd Album ’Gasoline’ (Floppy Ver.) + SGS Bonus Postcard,https://smglobalshop.com/products/pre-order-key-the-2nd-album-gasoline-floppy-ver,21,False,smglobalshop,True,2022-11-14
Pre-Order - KEY The 2nd Album ’Gasoline’ (Booklet Ver.) + SGS Bonus Postcard,https://smglobalshop.com/products/pre-order-key-the-2nd-album-gasoline-booklet-ver,25,False,smglobalshop,True,2022-11-14
aespa Official Fanlight Emblem,https://smglobalshop.com/products/pre-order-aespa-official-fanlight-emblem,15,False,smglobalshop,False,2022-11-14
GIRLS' GENERATION The 7th Album ‘FOREVER 1' (Standard Ver.),https://smglobalshop.com/products/pre-order-girls-generation-the-7th-album-forever-1-standard-ver,23,False,smglobalshop,True,2022-11-14
GIRLS' GENERATION The 7th Album ‘FOREVER 1' (Deluxe Ver.),https://smglobalshop.com/products/pre-order-girls-generation-the-7th-album-forever-1-special-ver,26,False,smglobalshop,True,2022-11-14
Pre-Order - NCT 127 RETRO house Acrylic Keyring,https://smglobalshop.com/products/pre-order-nct-127-retro-house-acrylic-keyring,28,False,smglobalshop,False,2022-11-14
Pre-Order - NCT 127 RETRO house T-Shirts,https://smglobalshop.com/products/pre-order-nct-127-retro-house-t-shirts,55,False,smglobalshop,False,2022-11-14
Pre-Order - NCT 127 RETRO house Sticker Book,https://smglobalshop.com/products/pre-order-nct-127-retro-house-sticker-book,30,False,smglobalshop,False,2022-11-14
Pre-Order - NCT 127 RETRO house Random Pin Button,https://smglobalshop.com/products/pre-order-nct-127-retro-house-random-pin-button,15,False,smglobalshop,False,2022-11-14
Pre-Order - NCT 127 RETRO house Handwriting Phone Case,https://smglobalshop.com/products/pre-order-nct-127-retro-house-handwriting-phone-case,37,False,smglobalshop,True,2022-11-14
Pre-Order - NCT 127 RETRO house Milk Bottle&Coaster,https://smglobalshop.com/products/pre-order-nct-127-retro-house-milk-bottle-coaster,35,False,smglobalshop,True,2022-11-14
Pre-Order - NCT 127 RETRO house Balance Game Pack,https://smglobalshop.com/products/pre-order-nct-127-retro-house-balance-game-pack,26,False,smglobalshop,False,2022-11-14
Pre-Order - NCT 127 RETRO house Hologram Photo Card Set B,https://smglobalshop.com/products/pre-order-nct-127-retro-house-hologram-photo-card-set-b,16,False,smglobalshop,False,2022-11-14
Pre-Order - NCT 127 RETRO house Hologram Photo Card Set A,https://smglobalshop.com/products/pre-order-nct-127-retro-house-hologram-photo-card-set-a,16,False,smglobalshop,False,2022-11-14
Pre-Order - NCT 127 RETRO house Tincase Photo Set,https://smglobalshop.com/products/pre-order-nct-127-retro-house-tincase-photo-set,30,False,smglobalshop,True,2022-11-14
Pre-Order - NCT 127 RETRO house Random OOTD Card Pack,https://smglobalshop.com/products/pre-order-nct-127-retro-house-random-ootd-card-pack,18,False,smglobalshop,True,2022-11-14
aespa Official Fanlight (Lightstick) + SGS Exclusive Random Photo Card,https://smglobalshop.com/products/pre-order-aespa-official-fanlight-lightstick,55,False,smglobalshop,False,2022-11-14
NCT 127 6th Anniversary Acrylic Stand & AR Voice Card Set,https://smglobalshop.com/products/pre-order-nct-127-6th-anniversary-acrylic-stand-ar-voice-card-set,32,False,smglobalshop,False,2022-11-14
aespa The 2nd Mini Album 'Girls' Acrylic Photo Card Stand Deluxe Box,https://smglobalshop.com/products/pre-order-aespa-girls-acrylic-photo-card-stand-deluxe-box,38,False,smglobalshop,True,2022-11-14
Pre-Order - Super Junior The 11th Album Vol.1 ‘The Road : Keep on Going’,https://smglobalshop.com/products/pre-order-super-junior-the-11th-album-vol-1-the-road-keep-on-going,25,False,smglobalshop,True,2022-11-14
NCT DREAM Glitch Mode Pop Up Postcard Book,https://smglobalshop.com/products/pre-order-nct-dream-glitch-mode-pop-up-postcard-book,15,False,smglobalshop,False,2022-11-14
NCT DREAM Glitch Mode Pop Up Binder+Photo Card Set,https://smglobalshop.com/products/pre-order-nct-dream-glitch-mode-pop-up-binder-photo-card-set,28,False,smglobalshop,False,2022-11-14
NCT DREAM Glitch Mode Pop Up Postcard+Hologram Photo Card Set,https://smglobalshop.com/products/pre-order-nct-dream-glitch-mode-pop-up-postcard-hologram-photo-card-set,16,False,smglobalshop,False,2022-11-14
NCT DREAM Glitch Mode Pop Up Film Set,https://smglobalshop.com/products/pre-order-nct-dream-glitch-mode-pop-up-film-set,12,False,smglobalshop,False,2022-11-14
NCT DREAM Glitch Mode Pop Up A4 Photo,https://smglobalshop.com/products/pre-order-nct-dream-glitch-mode-pop-up-a4-photo,18,False,smglobalshop,False,2022-11-14
NCT DREAM Glitch Mode Pop Up Hologram Film Set,https://smglobalshop.com/products/pre-order-nct-dream-glitch-mode-pop-up-hologram-film-set,15,False,smglobalshop,False,2022-11-14
NCT DREAM Glitch Mode Pop Up Postcard,https://smglobalshop.com/products/pre-order-nct-dream-glitch-mode-pop-up-postcard,12,False,smglobalshop,False,2022-11-14
NCT DREAM Glitch Mode Pop Up Postcard Group,https://smglobalshop.com/products/pre-order-nct-dream-glitch-mode-pop-up-postcard-group,12,False,smglobalshop,False,2022-11-14
NCT DREAM Glitch Mode Pop Up Acrylic Stand Keyring B Ice,https://smglobalshop.com/products/pre-order-nct-dream-glitch-mode-pop-up-acrylic-stand-keyring-b-ice,25,False,smglobalshop,False,2022-11-14
NCT DREAM Glitch Mode Pop Up Acrylic Stand Keyring A Game Store,https://smglobalshop.com/products/pre-order-nct-dream-glitch-mode-pop-up-acrylic-stand-keyring-a-game-store,25,False,smglobalshop,False,2022-11-14
NCT DREAM Glitch Mode Pop Up Card Holder+ID Card Set,https://smglobalshop.com/products/pre-order-nct-dream-glitch-mode-pop-up-card-holder-id-card-set,20,False,smglobalshop,False,2022-11-14
Pre-Order - aespa The 2nd Mini Album 'Girls' (International Ver.),https://smglobalshop.com/products/pre-order-aespa-the-2nd-mini-album-girls-international-ver,12.98,False,smglobalshop,True,2022-11-14
Pre-Order - aespa The 2nd Mini Album 'Girls' (Digipack Ver.),https://smglobalshop.com/products/pre-order-aespa-the-2nd-mini-album-girls-digipack-ver,12.98,False,smglobalshop,True,2022-11-14
Pre-Order - aespa The 2nd Mini Album 'Girls' (Real World Ver.),https://smglobalshop.com/products/pre-order-aespa-the-2nd-mini-album-girls-real-world-ver,19.98,False,smglobalshop,True,2022-11-14
Pre-Order - aespa The 2nd Mini Album 'Girls' (KWANGYA Ver.),https://smglobalshop.com/products/pre-order-aespa-the-2nd-mini-album-girls-kwangya-ver,19.98,False,smglobalshop,True,2022-11-14
NCT 127 BAKER HOUSE POP-UP Card,https://smglobalshop.com/products/pre-order-nct-127-baker-house-pop-up-card,25,False,smglobalshop,False,2022-11-14
Pre-Order - NCT 127 BAKER HOUSE Room Kit,https://smglobalshop.com/products/pre-order-nct-127-baker-house-room-kit,40,False,smglobalshop,False,2022-11-14
NCT 127 BAKER HOUSE Frame Photo Card,https://smglobalshop.com/products/pre-order-nct-127-baker-house-frame-photo-card,18,False,smglobalshop,False,2022-11-14
NCT DREAM The 2nd Album Repackage ’Beatbox’ (Digipack Ver.),https://smglobalshop.com/products/pre-order-nct-dream-the-2nd-album-repackage-beatbox-digipack-ver,21,False,smglobalshop,False,2022-11-14
Pre-Order - Red Velvet 'Feel My Rhythm’ Necklace + Exclusive Photo Card,https://smglobalshop.com/products/pre-order-red-velvet-feel-my-rhythm-necklace-exclusive-photo-card,35,False,smglobalshop,False,2022-11-14
Pre-Order - Red Velvet 'Feel My Rhythm’ Bucket Bag with Pouch + Exclusive Photo Card,https://smglobalshop.com/products/pre-order-red-velvet-feel-my-rhythm-bucket-bag-with-pouch-exclusive-photo-card,50,False,smglobalshop,False,2022-11-14
NCT DREAM 2nd Album Repackage 'Beatbox' (Photo Book Ver.) + US Exclusive Photocard,https://smglobalshop.com/products/pre-order-nct-dream-2nd-album-repackage-beatbox-photo-book-ver,28,False,smglobalshop,False,2022-11-14
NCT DREAM 2nd Album 'Glitch Mode' (Photo Book Ver.) + 2 US Exclusive Photo Card,https://smglobalshop.com/products/pre-order-nct-dream-2nd-album-glitch-mode-photo-book-ver-2-us-exclusive-photo-card,27.5,False,smglobalshop,False,2022-11-14
NCT DREAM 2nd Album 'Glitch Mode' (Digipack Ver.) + 2 US Exclusive Photo Card,https://smglobalshop.com/products/pre-order-nct-dream-2nd-album-glitch-mode-digipack-ver-2-us-exclusive-photo-card,22.5,False,smglobalshop,True,2022-11-14
NCT DREAM 'Glitch Mode' Tote Bag Deluxe Box with 2nd Bonus Photo Card,https://smglobalshop.com/products/pre-order-nct-dream-glitch-mode-tote-bag-deluxe-box-with-2nd-bonus-photo-card,34.5,False,smglobalshop,False,2022-11-14
NCT DREAM 'Glitch Mode' Short Sleeve T shirts (White) Deluxe Box with 2nd Bonus Photocard,https://smglobalshop.com/products/pre-order-nct-dream-glitch-mode-short-sleeve-t-shirts-white-deluxe-box-with-2nd-bonus-photocard,34.5,False,smglobalshop,False,2022-11-14
NCT DREAM 'Glitch Mode' Short Sleeve T shirts (Black) Deluxe Box with 2nd Bonus Photo Card,https://smglobalshop.com/products/pre-order-nct-dream-glitch-mode-short-sleeve-t-shirts-black-deluxe-box-with-2nd-bonus-photo-card,34.5,False,smglobalshop,False,2022-11-14
NCT DREAM 'Glitch Mode' Lanyard Set Deluxe Box with 2nd Bonus Photo Card,https://smglobalshop.com/products/pre-order-nct-dream-glitch-mode-lanyard-set-deluxe-box-with-2nd-bonus-photo-card,34.5,False,smglobalshop,False,2022-11-14
Pre-Order - HYO The 1st Mini Album '휩 (DEEP)',https://smglobalshop.com/products/pre-order-hyo-the-1st-mini-album-휩-deep,27,False,smglobalshop,True,2022-11-14
NCT DREAM 'Glitch Mode' Hard Case Pouch with Strap + 2 Exclusive Photo Card,https://smglobalshop.com/products/pre-order-nct-dream-glitch-mode-hard-case-pouch-with-strap-exclusive-photo-card,38,False,smglobalshop,False,2022-11-14
NCT DREAM 'Glitch Mode' Bomber Jacket with Patches + 2 Exclusive Photo Card,https://smglobalshop.com/products/pre-order-nct-dream-glitch-mode-bomber-jacket-with-patches-exclusive-photo-card,120,False,smglobalshop,False,2022-11-14
RYEOWOOK The 3rd Mini Album 'A Wild Rose',https://smglobalshop.com/products/pre-order-ryeowook-the-3rd-mini-album-a-wild-rose,28,False,smglobalshop,True,2022-11-14
EXO 10th Anniversary Acrylic Stand & AR Voice Card Set,https://smglobalshop.com/products/pre-order-exo-10th-anniversary-acrylic-stand-ar-voice-card-set,32,False,smglobalshop,False,2022-11-14
2022 Debut Anniversary Fan Event : EXO' Special AR Ticket Set,https://smglobalshop.com/products/pre-order-2022-debut-anniversary-fan-event-exo-special-ar-ticket-set,15,False,smglobalshop,False,2022-11-14
ONEW The 2nd Mini Album ’DICE’ (Photobook Ver.),https://smglobalshop.com/products/pre-order-onew-the-2nd-mini-album-dice-photobook-ver-1,26.5,False,smglobalshop,True,2022-11-14
ONEW The 2nd Mini Album ’DICE’ (Digipack Ver.),https://smglobalshop.com/products/pre-order-onew-the-2nd-mini-album-dice-photobook-ver,22.5,False,smglobalshop,False,2022-11-14
SUHO The 2nd Mini Album ’Grey Suit’ (Digipack Ver.),https://smglobalshop.com/products/pre-order-suho-the-2nd-mini-album-grey-suit-digipack-ver,22.5,False,smglobalshop,True,2022-11-14
SUHO The 2nd Mini Album ’Grey Suit’ (Photobook Ver.),https://smglobalshop.com/products/pre-order-suho-the-2nd-mini-album-grey-suit-photobook-ver,27.5,False,smglobalshop,True,2022-11-14
Red Velvet Mini Album 'The ReVe Festival 2022 - Feel My Rhythm' (Orgel Ver.),https://smglobalshop.com/products/pre-order-red-velvet-mini-album-the-reve-festival-2022-feel-my-rhythm-orgel-ver,26,False,smglobalshop,True,2022-11-14
Red Velvet Mini Album ’The ReVe Festival 2022 - Feel My Rhythm’(ReVe Ver.),https://smglobalshop.com/products/pre-order-red-velvet-mini-album-the-reve-festival-2022-feel-my-rhythm-reve-ver,26,False,smglobalshop,True,2022-11-14
aespa 'Dreams Come True' Clear Card Wallet with Sticker Set + Exclusive Photo Card,https://smglobalshop.com/products/pre-order-aespa-dreams-come-true-clear-card-wallet-with-sticker-set-exclusive-photo-card,35,False,smglobalshop,False,2022-11-14
NCT 2021 'Universe' Postcard Set,https://smglobalshop.com/products/pre-order-nct-2021-universe-postcard-set,35,False,smglobalshop,False,2022-11-14
Pre-Order - Super Junior Special Single Album 'The Road : Winter for Spring',https://smglobalshop.com/products/pre-order-super-junior-special-single-album-the-road-winter-for-spring,17.5,False,smglobalshop,False,2022-11-14
NCT 127 Set,https://smglobalshop.com/products/nct-127-set,90,False,smglobalshop,False,2022-11-14
TAEYEON The 3rd Album ‘INVU’ (TAPE Ver.),https://smglobalshop.com/products/pre-order-taeyeon-the-3rd-album-invu-tape-ver,19.5,False,smglobalshop,True,2022-11-14
Head to Toes Set,https://smglobalshop.com/products/head-to-toes-set,75,False,smglobalshop,False,2022-11-14
WayV 3rd Anniversary Tattoo + Sticker Set 2019 Ver.,https://smglobalshop.com/products/pre-order-wayv-3rd-anniversary-tattoo-sticker-set-2019-ver,18,False,smglobalshop,False,2022-11-14
WayV 3rd Anniversary Lucky Card Set,https://smglobalshop.com/products/pre-order-wayv-3rd-anniversary-lucky-card-set,15,False,smglobalshop,False,2022-11-14
WayV 3rd Anniversary Necklace Set,https://smglobalshop.com/products/pre-order-wayv-3rd-anniversary-necklace-set,40,False,smglobalshop,False,2022-11-14
WayV 3rd Anniversary Acrylic Stand & AR Voice Card Set,https://smglobalshop.com/products/pre-order-wayv-3rd-anniversary-acrylic-stand-ar-voice-card-set,32,False,smglobalshop,False,2022-11-14
aespa 'Forever' Acrylic Keyring + Postcard Set,https://smglobalshop.com/products/aespa-forever-acrylic-keyring-postcard-set,25,False,smglobalshop,False,2022-11-14
KAI 'Peaches' Crewneck Socks Set + Exclusive Photo Card,https://smglobalshop.com/products/pre-order-kai-peaches-crewneck-socks-set-exclusive-photo-card,35,False,smglobalshop,True,2022-11-14
KAI 'Peaches' Acrylic Keyring with Peach Amped Fleece Charm + Exclusive Photo Card,https://smglobalshop.com/products/pre-order-kai-peaches-acrylic-keyring-with-peach-amped-fleece-charm-exclusive-photo-card,35,False,smglobalshop,True,2022-11-14
What's In My Bag Set,https://smglobalshop.com/products/pre-order-whats-in-my-bag-set,180,False,smglobalshop,False,2022-11-14
Photo Lover Set,https://smglobalshop.com/products/pre-order-photo-lover-set,250,False,smglobalshop,False,2022-11-14
Stay Home Set,https://smglobalshop.com/products/pre-order-stay-home-set,150,False,smglobalshop,True,2022-11-14
KYUHYUN: The 4th Mini Album 'Love Story' (4 Season Project 季),https://smglobalshop.com/products/pre-order-the-4th-mini-album-love-story-4-season-project-季,28,False,smglobalshop,False,2022-11-14
NCT 127 'Favorite' Photo Sticker Set,https://smglobalshop.com/products/pre-order-nct-127-favorite-photo-sticker-set,28.5,False,smglobalshop,False,2022-11-14
MAX CHANGMIN The 2nd Mini Album ‘Devil’,https://smglobalshop.com/products/pre-order-the-2nd-mini-album-devil-black-ver,32,False,smglobalshop,True,2022-11-14
NCT 127 'Sticker' Water Bottle,https://smglobalshop.com/products/pre-order-nct-127-sticker-water-bottle,32,False,smglobalshop,False,2022-11-14
NCT 127 'Sticker' Keyring + Sticker Set,https://smglobalshop.com/products/pre-order-nct-127-sticker-keyring-sticker-set,28.5,False,smglobalshop,False,2022-11-14
TVXQ! 18th ANNIVERSARY Memory Frame Fragrance,https://smglobalshop.com/products/pre-order-tvxq-18th-anniversary-memory-frame-fragrance,40,False,smglobalshop,False,2022-11-14
"CHOI MINHO FAN PARTY ""BEST CHOI's MINHO 2021"" - Film Set",https://smglobalshop.com/products/pre-order-choi-minho-fan-party-best-chois-minho-2021-film-set,15,False,smglobalshop,True,2022-11-14
SUPER JUNIOR D&E The 1st Album ‘COUNTDOWN’ ZERO Ver. (Epilogue),https://smglobalshop.com/products/pre-order-super-junior-d-e-the-1st-album-countdown-zero-ver-epilogue,30,False,smglobalshop,False,2022-11-14
NCT DREAM 1st Repackaged Album ‘Hello Future’ (Photo Book Ver.) + SGS Exclusive Photo Card + New Postcard Set,https://smglobalshop.com/products/pre-order-nct-dream-the-1st-album-repackage-hello-future-photo-book-ver-sgs-exclusive-photo-card-postcard-set,24.5,False,smglobalshop,True,2022-11-14
KAI The 2nd Mini Album ‘Peaches’ (Digipack Ver.),https://smglobalshop.com/products/pre-order-kai-the-2nd-mini-album-peaches-digipack-ver,21,False,smglobalshop,True,2022-11-14
KEY ’BAD LOVE’ Sweatshirts with Exclusive Photo Tag,https://smglobalshop.com/products/pre-order-key-bad-love-sweatshirts-with-exclusive-photo-tag,65,False,smglobalshop,False,2022-11-14
Pre-Order -  Red Velvet 'Queendom' Cardigan and Crewneck Socks Set with Exclusive Photo Card,https://smglobalshop.com/products/pre-order-red-velvet-queendom-cardigan-and-crewneck-socks-set-with-exclusive-photo-card,78,False,smglobalshop,False,2022-11-14
Pre-Order -  Red Velvet 'Queendom' Pajama Set with Exclusive Photo Card,https://smglobalshop.com/products/pre-order-red-velvet-queendom-pajama-set-with-exclusive-photo-card,78,False,smglobalshop,False,2022-11-14
Red Velvet 'Queendom' Acrylic Coaster Set with Exclusive Photo Card,https://smglobalshop.com/products/pre-order-red-velvet-queendom-acrylic-coaster-set-with-exclusive-photo-card,28,False,smglobalshop,True,2022-11-14
TAEMARI & GGUNG - Puffy TAEMARI,https://smglobalshop.com/products/pre-order-taemari-ggung-puffy-taemari,27,False,smglobalshop,False,2022-11-14
Pre-Order - NCT 127 The 3rd Album 'Sticker' (Jewel Case Ver.),https://smglobalshop.com/products/pre-order-nct-127-the-3rd-album-sticker-jewel-case-ver,16.99,False,smglobalshop,False,2022-11-14
aespa The 1st Mini Album 'Savage' (Hallucination Quest Ver.),https://smglobalshop.com/products/pre-order-aespa-the-1st-mini-album-savage-photobook-ver,22.5,False,smglobalshop,False,2022-11-14
Beyond LIVE - NCT DREAM Online Fanmeeting 'HOT! SUMMER DREAM' - Badge,https://smglobalshop.com/products/pre-order-beyond-live-nct-dream-online-fanmeeting-hot-summer-dream-badge,13,False,smglobalshop,False,2022-11-14
NCT 127 The 3rd Album 'Sticker' Dad Hat Deluxe Box,https://smglobalshop.com/products/pre-order-nct-127-the-3rd-album-sticker-dad-hat-deluxe-box,24,False,smglobalshop,False,2022-11-14
NCT 127 The 3rd Album 'Sticker' PopSockets Deluxe Box,https://smglobalshop.com/products/pre-order-nct-127-the-3rd-album-sticker-popsockets-deluxe-box,24,False,smglobalshop,False,2022-11-14
NCT 127 The 3rd Album 'Sticker' (Jewel Case General Ver.),https://smglobalshop.com/products/pre-order-nct-127-the-3rd-album-stickerjewel-case-general-ver,15.49,False,smglobalshop,False,2022-11-14
NCT 127 The 3rd Album 'Sticker' (Sticky Ver.),https://smglobalshop.com/products/pre-order-nct-127-the-3rd-album-stickersticky-ver,20.99,False,smglobalshop,False,2022-11-14
Beyond LIVE – Red Velvet Online Fanmeeting - inteRView vol.7 : Queendom - Layered Film Set,https://smglobalshop.com/products/pre-order-beyond-live-red-velvet-online-fanmeeting-interview-vol-7-queendom-layered-film-set,12,False,smglobalshop,False,2022-11-14
Beyond LIVE – Red Velvet Online Fanmeeting - inteRView vol.7 : Queendom - Clear Fan + Deco Sticker Set,https://smglobalshop.com/products/pre-order-beyond-live-red-velvet-online-fanmeeting-interview-vol-7-queendom-clear-fan-deco-sticker-set,15,False,smglobalshop,False,2022-11-14
Beyond LIVE – Red Velvet Online Fanmeeting - inteRView vol.7 : Queendom - Hand Drawn Acrylic Keyring,https://smglobalshop.com/products/pre-order-beyond-live-red-velvet-online-fanmeeting-interview-vol-7-queendom-hand-drawn-acrylic-keyring,15,False,smglobalshop,False,2022-11-14
NCT DREAM 'Hello Future' Lenticular Card Set,https://smglobalshop.com/products/pre-order-nct-dream-hello-future-lenticular-card-set,15,False,smglobalshop,False,2022-11-14
NCT DREAM 'Hello Future' Hologram Epoxy Sticker Set,https://smglobalshop.com/products/pre-order-nct-dream-hello-future-hologram-epoxy-sticker-set,19,False,smglobalshop,True,2022-11-14
Red Velvet 7th Anniversary Memory Frame Fragrance,https://smglobalshop.com/products/pre-order-red-velvet-7th-anniversary-memory-frame-fragrance,40,False,smglobalshop,False,2022-11-14
Red Velvet 7th Anniversary Memory Charm,https://smglobalshop.com/products/pre-order-red-velvet-7th-anniversary-memory-charm,48,False,smglobalshop,False,2022-11-14
EXO 'DON'T FIGHT THE FEELING' Bucket Hat,https://smglobalshop.com/products/pre-order-exo-dont-fight-the-feeling-bucket-hat,36,False,smglobalshop,False,2022-11-14
Pre-Order - NCT DREAM X PINKFONG - Note Set,https://smglobalshop.com/products/pre-order-nct-dream-x-pinkfong-note-set,15,False,smglobalshop,False,2022-11-14
Pre-Order - NCT DREAM X PINKFONG - Acrylic Key Ring,https://smglobalshop.com/products/pre-order-nct-dream-x-pinkfong-acrylic-key-ring,17,False,smglobalshop,False,2022-11-14
Pre-Order - NCT DREAM X PINKFONG - Removable Luggage Sticker,https://smglobalshop.com/products/pre-order-nct-dream-x-pinkfong-removable-luggage-sticker,12,False,smglobalshop,False,2022-11-14
Pre-Order - NCT DREAM X PINKFONG - PUFFY STICKER,https://smglobalshop.com/products/pre-order-nct-dream-x-pinkfong-puffy-sticker,13,False,smglobalshop,False,2022-11-14
aespa 'NEXT LEVEL' Hair Pin Set with Photo Card,https://smglobalshop.com/products/pre-order-aespa-next-level-hair-pin-set-with-photo-card,24,False,smglobalshop,False,2022-11-14
aespa 'NEXT LEVEL' PopSockets with Photo Card,https://smglobalshop.com/products/pre-order-aespa-next-level-popsocket-with-photo-card,25,False,smglobalshop,False,2022-11-14
aespa 'NEXT LEVEL' Crop Top with Photo Card,https://smglobalshop.com/products/pre-order-aespa-next-level-crop-top-with-photo-card,38,False,smglobalshop,False,2022-11-14
D.O. The 1st Mini Album ‘공감' (Digipack Ver.),https://smglobalshop.com/products/pre-order-d-o-the-1st-mini-album-공감-b-ver,18,False,smglobalshop,False,2022-11-14
Beyond LIVE - NCT 127 ONLINE FANMEETING 'OFFICE : Foundation Day' - T-Shirts,https://smglobalshop.com/products/pre-order-beyond-live-nct-127-online-fanmeeting-office-foundation-day-t-shirts,35,False,smglobalshop,False,2022-11-14
BAEKHYUN ‘BAMBI’ Album (Jewel Case Ver) + Postcard Set Bundle,https://smglobalshop.com/products/pre-order-baekhyun-bambi-album-jewel-case-ver-postcard-set-bundle,30,False,smglobalshop,False,2022-11-14
DREAM 'Hot Sauce' Acrylic Keyring,https://smglobalshop.com/products/pre-order-nct-dream-hot-sauce-acrylic-keyring,22,False,smglobalshop,False,2022-11-14
NCT DREAM 'Hot Sauce' Crew Socks Set,https://smglobalshop.com/products/pre-order-nct-dream-hot-sauce-crew-socks-set,25,False,smglobalshop,False,2022-11-14
NCT DREAM 'Hot Sauce' Beanie with Patches,https://smglobalshop.com/products/pre-order-nct-dream-hot-sauce-beanie-with-patches-1,32,False,smglobalshop,False,2022-11-14
NCT DREAM 'Hot Sauce' Postcard Set,https://smglobalshop.com/products/pre-order-nct-dream-hot-sauce-beanie-with-patches,19,False,smglobalshop,False,2022-11-14
NCT DREAM 'Hot Sauce' Rug,https://smglobalshop.com/products/pre-order-nct-dream-hot-sauce-rug,85,False,smglobalshop,False,2022-11-14
NCT DREAM 'Hot Sauce' Sticker Pack,https://smglobalshop.com/products/pre-order-nct-dream-hot-sauce-sticker-pack,25,False,smglobalshop,False,2022-11-14
NCT DREAM The 1st Album Repackage ‘Hello Future’ (Photo Book Ver.) + SGS Exclusive Photo Card!,https://smglobalshop.com/products/pre-order-nct-dream-the-1st-album-repackage-hello-future-photo-book-ver,22,False,smglobalshop,False,2022-11-14
SHINee 'Atlantis' Luggage Sticker Set,https://smglobalshop.com/products/pre-order-shinee-atlantis-luggage-sticker-set,29,False,smglobalshop,False,2022-11-14
BAEKHYUN 'Bambi' Dad Hat,https://smglobalshop.com/products/pre-order-baekhyun-bambi-dad-hat,28,False,smglobalshop,False,2022-11-14
BAEKHYUN 'Bambi' Sweatshirts+Pants Set,https://smglobalshop.com/products/pre-order-baekhyun-bambi-sweatshirts-pants-set,70,False,smglobalshop,False,2022-11-14
WENDY 'Like Water' Keyring with Photo Card,https://smglobalshop.com/products/pre-order-wendy-like-water-keyring-with-photo-card,34,False,smglobalshop,False,2022-11-14
WENDY 'Like Water' Crop Top with Photo Card,https://smglobalshop.com/products/pre-order-wendy-like-water-crop-top,37,False,smglobalshop,False,2022-11-14
SUPER JUNIOR ‘The Renaissance’ Aroma Mask Patch Set,https://smglobalshop.com/products/pre-order-super-junior-the-renaissance-aroma-mask-patch-set,10,False,smglobalshop,False,2022-11-14
SUPER JUNIOR ‘The Renaissance’ Keyring,https://smglobalshop.com/products/pre-order-super-junior-the-renaissance-keyring,23,False,smglobalshop,False,2022-11-14
SUPER JUNIOR ‘The Renaissance’ Small Home Party Set,https://smglobalshop.com/products/pre-order-super-junior-the-renaissance-small-home-party-set,45,False,smglobalshop,False,2022-11-14
WayV 'Kick Back' Black T-Shirts,https://smglobalshop.com/products/pre-order-wayv-kick-back-black-t-shirts,30,False,smglobalshop,False,2022-11-14
NCT DREAM The 1st Album ‘맛 (Hot Sauce)’ (Photo Book Ver.) + SGS Exclusive Member Photo Card,https://smglobalshop.com/products/pre-order-regular-shippingnct-dream-the-1st-album-맛-hot-sauce-photo-book-ver,19,False,smglobalshop,False,2022-11-14
WayV 'Kick Back' Postcard Set,https://smglobalshop.com/products/pre-order-wayv-kick-back-postcard-set,17,False,smglobalshop,False,2022-11-14
WayV 'Kick Back' Keyring with Strap,https://smglobalshop.com/products/pre-order-wayv-kick-back-keyring,30,False,smglobalshop,False,2022-11-14
SHINee 'Don't Call Me' Sticker Set,https://smglobalshop.com/products/pre-order-shinee-dont-call-me-sticker-set,14,False,smglobalshop,False,2022-11-14
SHINee 'Don't Call Me' Acrylic Key Ring,https://smglobalshop.com/products/pre-order-shinee-dont-call-me-acrylic-key-ring,24,False,smglobalshop,False,2022-11-14
SHINee 'Don't Call Me' Dad Hat,https://smglobalshop.com/products/pre-order-shinee-dont-call-me-dad-hat,35,False,smglobalshop,False,2022-11-14
SHINee 'Don't Call Me' Metal Bracelet with charm,https://smglobalshop.com/products/pre-order-shinee-dont-call-me-metal-bracelet-with-charm,24,False,smglobalshop,False,2022-11-14
SHINee 'Don't Call Me' Message Phone Strap,https://smglobalshop.com/products/pre-order-shinee-dont-call-me-message-phone-strap,10,False,smglobalshop,False,2022-11-14
NCT Photo Slide Viewer - Resonance Pt.2,https://smglobalshop.com/products/pre-order-nct-photo-slide-viewer-resonance-pt-2,57,False,smglobalshop,False,2022-11-14
WayV Number Plate Key Ring,https://smglobalshop.com/products/pre-order-wayv-number-plate-key-ring,20,False,smglobalshop,False,2022-11-14
NCT DREAM Number Plate Key Ring,https://smglobalshop.com/products/pre-order-nct-dream-number-plate-key-ring,19,False,smglobalshop,False,2022-11-14
Red Velvet Number Plate Key Ring,https://smglobalshop.com/products/pre-order-red-velvet-number-plate-key-ring,20,False,smglobalshop,False,2022-11-14
EXO Number Plate Key Ring,https://smglobalshop.com/products/pre-order-exo-number-plate-key-ring,20,False,smglobalshop,False,2022-11-14
BoA Number Plate Key Ring,https://smglobalshop.com/products/pre-order-boa-number-plate-key-ring,20,False,smglobalshop,False,2022-11-14
aespa Number Plate Key Ring,https://smglobalshop.com/products/pre-order-aespa-number-plate-key-ring,18,False,smglobalshop,False,2022-11-14
NCT 127 Number Plate Key Ring,https://smglobalshop.com/products/pre-order-nct-127-number-plate-key-ring,20,False,smglobalshop,False,2022-11-14
WENDY The 1st Mini Album ‘Like Water’ (Photo Book Ver.),https://smglobalshop.com/products/pre-order-wendy-the-1st-mini-album-like-water-photo-book-ver,31,False,smglobalshop,True,2022-11-14
aespa 'Forever' Tattoo Sticker Set,https://smglobalshop.com/products/pre-order-aespa-forever-tattoo-sticker-set,22,False,smglobalshop,False,2022-11-14
BAEKHYUN The 3rd Mini Album ‘Bambi’ (Jewel Case Ver.),https://smglobalshop.com/products/pre-order-baekhyun-the-3rd-mini-album-bambi-jewel-case-ver,15,False,smglobalshop,False,2022-11-14
BAEKHYUN The 3rd Mini Album ‘Bambi’ (Photo Book Ver.),https://smglobalshop.com/products/pre-order-baekhyun-the-3rd-mini-album-bambi,18,False,smglobalshop,False,2022-11-14
SuperM The 1st Album 'Super One' Limited Edition Cassette,https://smglobalshop.com/products/pre-order-superm-the-1st-album-super-one-limited-edition-cassette,12.98,False,smglobalshop,False,2022-11-14
U-Know 'NOIR' Acrylic Keyring,https://smglobalshop.com/products/pre-order-u-know-noir-acrylic-keyring,23,False,smglobalshop,False,2022-11-14
aespa HOLOGRAM EPOXY STICKER+PHOTO CARD SET,https://smglobalshop.com/products/pre-order-aespa-hologram-epoxy-sticker-photo-card-set,22,False,smglobalshop,False,2022-11-14
TAEYEON 'What Do I Call You' Photo Frame + Deco Sticker Set,https://smglobalshop.com/products/pre-order-taeyeon-what-do-i-call-you-photo-frame-deco-sticker-set,25,False,smglobalshop,False,2022-11-14
TAEYEON 'What Do I Call You' Coaster,https://smglobalshop.com/products/pre-order-taeyeon-what-do-i-call-you-coaster,10,False,smglobalshop,False,2022-11-14
TAEYEON 'What Do I Call You' AirPods Case with Charm,https://smglobalshop.com/products/pre-order-taeyeon-what-do-i-call-you-airpods-case-with-charm,25,False,smglobalshop,False,2022-11-14
TAEYEON 'What Do I Call You' Black Short Sleeve T-Shirts,https://smglobalshop.com/products/pre-order-taeyeon-what-do-i-call-you-black-short-sleeve-t-shirts,32,False,smglobalshop,False,2022-11-14
TAEYEON 'What Do I Call You' Cream Short Sleeve T-Shirts,https://smglobalshop.com/products/pre-order-taeyeon-what-do-i-call-you-cream-short-sleeve-t-shirts,32,False,smglobalshop,False,2022-11-14
NCT 'Resonance' Pt 2 Tapestry Set,https://smglobalshop.com/products/pre-order-nct-resonance-pt-2-tapestry,35,False,smglobalshop,False,2022-11-14
NCT 'Resonance' Pt 2 90's Love Exclusive Photo Poster Set (Unfolded),https://smglobalshop.com/products/pre-order-nct-resonance-pt-2-90s-love-exclusive-photo-poster-set-unfolded,19,False,smglobalshop,False,2022-11-14
NCT 'Resonance' Pt 2 Work It Exclusive Photo Poster Set (Unfolded),https://smglobalshop.com/products/pre-order-nct-resonance-pt-2-work-it-exclusive-photo-poster-set-unfolded,19,False,smglobalshop,False,2022-11-14
KAI 'KAI' Black Short Sleeve T-shirts,https://smglobalshop.com/products/pre-order-kai-kai-black-short-sleeve-t-shirts,38,False,smglobalshop,False,2022-11-14
KAI 'KAI' Black Sweatpants,https://smglobalshop.com/products/pre-order-kai-kai-black-sweatpants,60,False,smglobalshop,False,2022-11-14
KAI 'KAI' Black Hoodie,https://smglobalshop.com/products/pre-order-kai-kai-black-hoodie,67,False,smglobalshop,False,2022-11-14
U-KNOW The 2nd Mini Album ‘NOIR’,https://smglobalshop.com/products/pre-order-u-know-the-2nd-mini-album-noir,21,False,smglobalshop,False,2022-11-14
SuperM 3D Face Mask with Mask Strap Set,https://smglobalshop.com/products/pre-order-superm-face-mask-with-mask-strap-set,17,False,smglobalshop,False,2022-11-14
NCT 'Resonance' From Home Exclusive Photo Poster Set (Unfolded),https://smglobalshop.com/products/pre-order-nct-resonance-from-home-unfolded-poster-set,16,False,smglobalshop,False,2022-11-14
NCT 'Resonance' Sweatshirts and Sweatpants Set (Future Ver.),https://smglobalshop.com/products/pre-order-nct-resonance-sweatshirts-and-sweatpants-set-future-ver,80,False,smglobalshop,False,2022-11-14
NCT 'Resonance' Long Sleeve T-shirts (Future Ver.),https://smglobalshop.com/products/copy-of-pre-order-nct-resonance-long-sleeve-t-shirts-future-ver,38,False,smglobalshop,False,2022-11-14
NCT 'Resonance' White Short Sleeve T-Shirts,https://smglobalshop.com/products/pre-order-nct-resonance-white-short-sleeve-t-shirts,28,False,smglobalshop,False,2022-11-14
NCT 'Resonance' Long Sleeve T-shirts (Past Ver.),https://smglobalshop.com/products/pre-order-nct-resonance-long-sleeve-t-shirts-past-ver,38,False,smglobalshop,False,2022-11-14
NCT 'Resonance' Black Short Sleeve T-Shirts,https://smglobalshop.com/products/pre-order-nct-resonance-black-short-sleeve-t-shirts,28,False,smglobalshop,False,2022-11-14
NCT 'Resonance' Sweatpants (Future Ver.),https://smglobalshop.com/products/pre-order-nct-resonance-sweatpants-future-ver,55,False,smglobalshop,False,2022-11-14
NCT 'Resonance' Sweatpants (Past Ver.),https://smglobalshop.com/products/pre-order-nct-resonance-sweatpants-past-ver,60,False,smglobalshop,False,2022-11-14
NCT 'Resonance' AirPods Case with Charm,https://smglobalshop.com/products/pre-order-nct-resonance-airpods-case-with-charm,28,False,smglobalshop,False,2022-11-14
NCT 'Resonance' Make a Wish Exclusive Photo Poster Set (Unfolded),https://smglobalshop.com/products/pre-order-nct-resonance-make-a-wish-unfolded-poster-set,16,False,smglobalshop,False,2022-11-14
NCT 'Resonance' Sweatshirts (Future Ver.),https://smglobalshop.com/products/pre-order-nct-resonance-sweatshirts-future-ver,40,False,smglobalshop,False,2022-11-14
SuperM 'Super One' Cartoon Badge,https://smglobalshop.com/products/pre-order-superm-super-one-cartoon-badge,15,False,smglobalshop,False,2022-11-14
TAEMIN ‘Never Gonna Dance Again : Act 1’ Keyring,https://smglobalshop.com/products/pre-order-taemin-never-gonna-dance-again-act-1-keyring,25,False,smglobalshop,False,2022-11-14
SuperM X MARVEL Logo Dad Hat,https://smglobalshop.com/products/pre-order-superm-x-marvel-logo-dad-hat,32,False,smglobalshop,False,2022-11-14
SuperM X MARVEL Comic Character Graphic T-Shirts,https://smglobalshop.com/products/pre-order-superm-x-marvel-comic-character-graphic-t-shirts,38,False,smglobalshop,False,2022-11-14
SuperM X MARVEL Color Graphic T-Shirts,https://smglobalshop.com/products/pre-order-superm-x-marvel-color-graphic-t-shirts,38,False,smglobalshop,False,2022-11-14
SuperM X MARVEL Cartoon Graphic T-Shirts,https://smglobalshop.com/products/pre-order-superm-x-marvel-cartoon-graphic-t-shirts,38,False,smglobalshop,False,2022-11-14
SuperM '100' Luggage sticker set,https://smglobalshop.com/products/pre-order-superm-100-luggage-sticker-set,13,False,smglobalshop,False,2022-11-14
SuperM 'Super One' Collectable Metal Pin,https://smglobalshop.com/products/pre-order-superm-super-one-collectable-metal-pin,11,False,smglobalshop,False,2022-11-14
SuperM 'Super One' Scarf,https://smglobalshop.com/products/pre-order-superm-super-one-scarf,45,False,smglobalshop,False,2022-11-14
SuperM 'Super One' White/Red Sports Jersey,https://smglobalshop.com/products/pre-order-superm-super-one-white-red-sports-jersey,65,False,smglobalshop,False,2022-11-14
NCT - The 2nd Album RESONANCE Pt.1 (The Past Ver.),https://smglobalshop.com/products/pre-order-nct-2020-resonance-pt-1-the-past-ver,24,False,smglobalshop,False,2022-11-14
SuperM X Kim Junggi Art Printed Shirts,https://smglobalshop.com/products/pre-order-superm-x-kim-junggi-art-printed-shirts,60,False,smglobalshop,False,2022-11-14
SuperM X Kim Junggi 'Tiger Inside' coloring paper,https://smglobalshop.com/products/pre-order-superm-x-kim-junggi-tiger-inside-coloring-paper,15,False,smglobalshop,False,2022-11-14
SuperM 'Super One' Water Bottle with Sticker,https://smglobalshop.com/products/pre-order-superm-super-one-water-bottle-with-sticker,20,False,smglobalshop,False,2022-11-14
"SuperM 'Super One' KAI, TEN Short Sleeve T-shirts",https://smglobalshop.com/products/pre-order-superm-super-one-kai-ten-short-sleeve-t-shirts,26,False,smglobalshop,False,2022-11-14
"SuperM 'Super One' BAEKHYUN, MARK, LUCAS Short Sleeve T-shirts",https://smglobalshop.com/products/pre-order-superm-super-one-baekhyun-mark-lucas-short-sleeve-t-shirts,26,False,smglobalshop,False,2022-11-14
SuperM '100' Metal Keychain,https://smglobalshop.com/products/pre-order-superm-100-metal-keychain,17,False,smglobalshop,False,2022-11-14
SuperM 'Super One' Logo Printed Tie Dye Short Sleeve T-shirts,https://smglobalshop.com/products/pre-order-superm-super-one-logo-printed-tie-dye-short-sleeve-t-shirts,30,False,smglobalshop,False,2022-11-14
SuperM 'Super One' Logo Printed Short Sleeve T-shirts,https://smglobalshop.com/products/pre-order-superm-super-one-logo-printed-short-sleeve-t-shirts,25,False,smglobalshop,False,2022-11-14
SuperM '100' Logo Printed Short Sleeve T-shirts,https://smglobalshop.com/products/pre-order-superm-100-logo-printed-short-sleeve-t-shirts,25,False,smglobalshop,False,2022-11-14
SuperM 'Super One' Acrylic Keychain,https://smglobalshop.com/products/pre-order-superm-super-one-acrylic-keychain,20,False,smglobalshop,False,2022-11-14
SuperM '100' AR Fabric Poster [MARK],https://smglobalshop.com/products/pre-order-superm-100-ar-fabric-poster-mark,35,False,smglobalshop,False,2022-11-14
SuperM '100' AR Fabric Poster [KAI],https://smglobalshop.com/products/pre-order-superm-100-ar-fabric-poster-kai,35,False,smglobalshop,False,2022-11-14
SuperM '100' AR Fabric Poster [BAEKHYUN],https://smglobalshop.com/products/pre-order-superm-100-ar-fabric-poster-baekhyun,35,False,smglobalshop,False,2022-11-14
IRENE&SEULGI Monster exclusive photo printed hanging diffuser,https://smglobalshop.com/products/pre-order-irene-seulgi-monster-photo-printed-hanging-diffuser,15,False,smglobalshop,False,2022-11-14
Red Velvet Love Good Luck Trolls Summer Mini Denim Tote Bag,https://smglobalshop.com/products/pre-order-red-velvet-love-good-luck-trolls-summer-mini-denim-tote-bag,32,False,smglobalshop,False,2022-11-14
Red Velvet Love Good Luck Trolls Summer Hologram Postcard,https://smglobalshop.com/products/pre-order-red-velvet-love-good-luck-trolls-summer-hologram-postcard,8,False,smglobalshop,False,2022-11-14
Red Velvet Love Good Luck Trolls Summer Acrylic charm,https://smglobalshop.com/products/pre-order-red-velvet-love-good-luck-trolls-summer-acrylic-charm,15,False,smglobalshop,False,2022-11-14
EXO-SC 1 Billion Views keyring,https://smglobalshop.com/products/pre-order-exo-sc-1-billion-views-keyring,25,False,smglobalshop,False,2022-11-14
BAEKHYUN 'Delight' Postcard Set,https://smglobalshop.com/products/pre-order-baekhyun-delight-postcard-set,20,False,smglobalshop,False,2022-11-14
BAEKHYUN 'Delight' DIY Keyring Set,https://smglobalshop.com/products/pre-order-baekhyun-delight-diy-keyring-set,45,False,smglobalshop,False,2022-11-14
NCT DREAM 'Reload' Short Sleeve T Shirts with Exclusive Photo Postcard,https://smglobalshop.com/products/pre-order-nct-dream-reload-short-sleeve-t-shirts-with-exclusive-photo-postcard,25,False,smglobalshop,False,2022-11-14
NCT DREAM 'Reload' Keychain with Exclusive Photo Postcard,https://smglobalshop.com/products/pre-order-nct-dream-reload-keychain-with-exclusive-postcard,24,False,smglobalshop,False,2022-11-14
SUHO Self-Portrait 1000pcs puzzle,https://smglobalshop.com/products/pre-order-suho-self-portrait-1000pcs-puzzle,38,False,smglobalshop,False,2022-11-14
Red Velvet Loves GOOD LUCK TROLLS Scented Candle,https://smglobalshop.com/products/pre-order-red-velvet-loves-good-luck-trolls-scented-candle,15,False,smglobalshop,False,2022-11-14
NCT 127 Neo Zone Pin Button Set,https://smglobalshop.com/products/pre-order-nct-127-neo-zone-pin-button-set,19,False,smglobalshop,False,2022-11-14
NCT 127 Neo Zone Mini Stand Banner,https://smglobalshop.com/products/pre-order-nct-127-neo-zone-mini-stand-banner,20,False,smglobalshop,False,2022-11-14
NCT 127 Neo Zone Short Sleeve T shirts,https://smglobalshop.com/products/pre-order-nct-127-neo-zone-short-sleeve-t-shirts,35,False,smglobalshop,False,2022-11-14
NCT 127 Neo Zone Water bottle with Sticker,https://smglobalshop.com/products/pre-order-nct-127-neo-zone-water-bottle-with-sticker,30,False,smglobalshop,False,2022-11-14
NCT 127 Neo Zone Keyring with Charm,https://smglobalshop.com/products/pre-order-nct-127-neo-zone-keyring-with-charm,28,False,smglobalshop,False,2022-11-14
NCT 127 Neo Zone Beanie with Patches,https://smglobalshop.com/products/pre-order-nct-127-neo-zone-beanie-with-patches,38,False,smglobalshop,False,2022-11-14
NCT 127 Neo Zone Embroidery Patch Set,https://smglobalshop.com/products/pre-order-nct-127-neo-zone-embroidery-patch-set,40,False,smglobalshop,False,2022-11-14
Red Velvet Finale Black Color Zip up hoodie with Exclusive Photo Tag,https://smglobalshop.com/products/pre-order-red-velvet-finale-black-color-zip-up-hoodie-with-exclusive-photo-tag,60,False,smglobalshop,False,2022-11-14
EXO Obsession Exclusive Photo Mini Banner,https://smglobalshop.com/products/pre-order-exo-obsession-mini-banner,25,False,smglobalshop,False,2022-11-14
EXO Obsession Exclusive Photo Printed Fabric Slogan,https://smglobalshop.com/products/pre-order-exo-obsession-photo-printed-fabric-slogan,35,False,smglobalshop,False,2022-11-14
EXO Cotton Black Pouch with Keychain,https://smglobalshop.com/products/pre-order-exo-cotton-black-pouch-with-keychain,35,False,smglobalshop,False,2022-11-14
EXO Obsession PU Black Mini Bag,https://smglobalshop.com/products/pre-order-exo-pu-black-mini-bag,30,False,smglobalshop,False,2022-11-14
Pre-Order - WayV Official Fanlight (Lightstick),https://smglobalshop.com/products/wayv-official-fanlight-lightstick,55,False,smglobalshop,True,2022-11-14
SuperM Official Fanlight,https://smglobalshop.com/products/pre-order-superm-official-fanlight-1,55,False,smglobalshop,False,2022-11-14
Red Velvet Stationery Set,https://smglobalshop.com/products/red-velvet-stationery-set,28,False,smglobalshop,False,2022-11-14
NCT 127 Stationery Set,https://smglobalshop.com/products/nct-127-stationery-set,35,False,smglobalshop,False,2022-11-14
EXO Stationery Set,https://smglobalshop.com/products/exo-note-set,35,False,smglobalshop,False,2022-11-14
NCT 127 Luggage Tag,https://smglobalshop.com/products/nct-127-luggage-tag,15,False,smglobalshop,False,2022-11-14
Red Velvet Luggage Tag,https://smglobalshop.com/products/red-velvet-luggage-tag,10,False,smglobalshop,False,2022-11-14
EXO Luggage Tag,https://smglobalshop.com/products/exo-luggage-tag,15,False,smglobalshop,False,2022-11-14
Red Velvet Lanyard Card Holder Set,https://smglobalshop.com/products/pre-order-red-velvet-lanyard-card-holder-set,20,False,smglobalshop,False,2022-11-14
NCT 127 Lanyard Card Holder Set,https://smglobalshop.com/products/nct-127-lanyard-card-holder-set,20,False,smglobalshop,False,2022-11-14
EXO Lanyard Card Holder Set,https://smglobalshop.com/products/pre-order-exo-lanyard-card-holder-set,20,False,smglobalshop,False,2022-11-14
SuperM KAI Black Hoodie,https://smglobalshop.com/products/pre-order-superm-kai-black-hoodie,50,False,smglobalshop,False,2022-11-14
SuperM Luggage Tag with Photo Card,https://smglobalshop.com/products/pre-order-superm-luggage-tag-with-photo-card,14,False,smglobalshop,False,2022-11-14
SuperM Wristband,https://smglobalshop.com/products/pre-order-superm-wristband,12,False,smglobalshop,False,2022-11-14
SuperM Tote Bag,https://smglobalshop.com/products/pre-order-superm-tote-bag,30,False,smglobalshop,False,2022-11-14
SuperM Water Bottle,https://smglobalshop.com/products/pre-order-superm-water-bottle,19,False,smglobalshop,False,2022-11-14
SuperM Pin Badge Set,https://smglobalshop.com/products/pre-order-superm-pin-badge-set,10,False,smglobalshop,False,2022-11-14
SuperM KAI Short Sleeve T Shirts with Photo Tag,https://smglobalshop.com/products/pre-order-superm-kai-short-sleeve-t-shirts-with-photo-tag,35,False,smglobalshop,False,2022-11-14
SuperM LUCAS Keyring,https://smglobalshop.com/products/pre-order-superm-lucas-keyring,20,False,smglobalshop,False,2022-11-14
SuperM MARK Keyring,https://smglobalshop.com/products/pre-order-superm-mark-keyring,20,False,smglobalshop,False,2022-11-14
SuperM TEN Keyring,https://smglobalshop.com/products/pre-order-superm-ten-keyring,20,False,smglobalshop,False,2022-11-14
SuperM TAEYONG Keyring,https://smglobalshop.com/products/pre-order-superm-taeyong-keyring,18,False,smglobalshop,False,2022-11-14
SuperM KAI Keyring,https://smglobalshop.com/products/pre-order-superm-kai-keyring,20,False,smglobalshop,False,2022-11-14
SuperM BAEKHYUN Keyring,https://smglobalshop.com/products/pre-order-superm-baekhyun-keyring,20,False,smglobalshop,False,2022-11-14
SuperM LUCAS Fabric Slogan,https://smglobalshop.com/products/pre-order-superm-lucas-fabric-slogan,19,False,smglobalshop,False,2022-11-14
SuperM MARK Fabric Slogan,https://smglobalshop.com/products/pre-order-superm-mark-fabric-slogan,19,False,smglobalshop,False,2022-11-14
SuperM TEN Fabric Slogan,https://smglobalshop.com/products/pre-order-superm-ten-fabric-slogan,19,False,smglobalshop,False,2022-11-14
SuperM TAEYONG Fabric Slogan,https://smglobalshop.com/products/pre-order-superm-taeyong-fabric-slogan,19,False,smglobalshop,False,2022-11-14
SuperM KAI Fabric Slogan,https://smglobalshop.com/products/pre-order-superm-kai-fabric-slogan,19,False,smglobalshop,False,2022-11-14
SuperM LUCAS 6 Panel Dad Hat,https://smglobalshop.com/products/pre-order-superm-lucas-6-panel-dad-hat,19,False,smglobalshop,False,2022-11-14
SuperM MARK 6 Panel Dad Hat,https://smglobalshop.com/products/copy-of-copy-of-copy-of-pre-order-superm-mark-6-panel-dad-hat,30,False,smglobalshop,False,2022-11-14
SuperM KAI 6 Panel Dad Hat,https://smglobalshop.com/products/pre-order-superm-kai-6-panel-dad-hat,30,False,smglobalshop,False,2022-11-14
Pre-Order - SUPER JUNIOR Official Fanlight Ver. 2.0,https://smglobalshop.com/products/pre-order-super-junior-official-fanlight-ver-2-0,55,False,smglobalshop,True,2022-11-14
Korea's Exclusive Product: NCT 127 Big Button - WE ARE SUPER HUMAN,https://smglobalshop.com/products/koreas-exclusive-product-nct-127-big-button-we-are-super-human,13,False,smglobalshop,True,2022-11-14
NCT 127 SUPERHUMAN Pin Button Set,https://smglobalshop.com/products/nct-127-superhuman-pin-button-set,10,False,smglobalshop,False,2022-11-14
Pre-Order - EXO Official Fanlight Ver 3.0,https://smglobalshop.com/products/exo-official-fanlight-vers-3-0,55,False,smglobalshop,True,2022-11-14
Red Velvet Photo Metal Badge Set,https://smglobalshop.com/products/red-velvet-photo-metal-badge-set,17,False,smglobalshop,False,2022-11-14
EXO Photo Metal Badge Set,https://smglobalshop.com/products/exo-photo-metal-badge-set,30,False,smglobalshop,False,2022-11-14
NCT 127 Photo Metal Badge Set,https://smglobalshop.com/products/nct-127-photo-metal-badge-set,30,False,smglobalshop,False,2022-11-14
Red Velvet Really Bad Boy Pin Button Set,https://smglobalshop.com/products/red-velvet-really-bad-boy-pin-button-set,5,False,smglobalshop,False,2022-11-14
EXO Love Shot Pin Button Set,https://smglobalshop.com/products/exo-love-shot-pin-button-set,10,False,smglobalshop,False,2022-11-14
Korea's Exclusive Product: TVXQ! She Got That Something Mini Binder Notebook,https://smglobalshop.com/products/koreas-exclusive-product-tvxq-she-got-that-something-mini-binder-notebook,22,False,smglobalshop,False,2022-11-14
Korea's Exclusive Product: SUPER JUNIOR One More Chance Mini Binder Notebook,https://smglobalshop.com/products/koreas-exclusive-product-super-junior-one-more-chance-mini-binder-notebook,22,False,smglobalshop,False,2022-11-14
Korea's Exclusive Product: EXO Don't Mess Up My Tempo Binder with Photo Card Set,https://smglobalshop.com/products/koreas-exclusive-product-exo-dont-mess-up-my-tempo-binder-with-photo-card-set,20,False,smglobalshop,False,2022-11-14
Korea's Exclusive Product: NCT Empathy 2018 Stationary Clip with Tin Case,https://smglobalshop.com/products/smbm-nct-empathy-2018-stationary-clip-with-tin-case,18,False,smglobalshop,False,2022-11-14
Korea's Exclusive Product: NCT Enamel Pin,https://smglobalshop.com/products/smbm-nct-enamel-pin-collection,12,False,smglobalshop,False,2022-11-14
Korea's Exclusive Product: Red Velvet Summer Magic Enamel Pin,https://smglobalshop.com/products/red-velvet-summer-magic-enamel-pin,9,False,smglobalshop,False,2022-11-14
Red Velvet Really Bad Boy White T-Shirt,https://smglobalshop.com/products/red-velvet-really-bad-boy-white-t-shirt,20.25,False,smglobalshop,False,2022-11-14
Korea's Exclusive Product: Red Velvet Who Dat Boy Wide Tape,https://smglobalshop.com/products/red-velvet-who-dat-boy-wide-tape,9,False,smglobalshop,False,2022-11-14
BoA Official Fanlight (Lightstick),https://smglobalshop.com/products/boa-official-fanlight-lightstick,55,False,smglobalshop,False,2022-11-14
EXO Black Tempo Black T-Shirt,https://smglobalshop.com/products/exo-black-tempo-black-t-shirt-1,35,False,smglobalshop,False,2022-11-14
EXO Don't Mess Up My Tempo Black Pullover Hoodie,https://smglobalshop.com/products/exo-dont-mess-up-my-tempo-black-pullover-hoodie,50,False,smglobalshop,False,2022-11-14
EXO Don't Mess Up My Tempo Black Sweatshirt,https://smglobalshop.com/products/exo-dont-mess-up-my-tempo-black-sweatshirt,65,False,smglobalshop,False,2022-11-14
Gift Card,https://smglobalshop.com/products/gift-card,10,False,smglobalshop,False,2022-11-14
EXO Don't Mess Up My Tempo Red Thread Dad Hat,https://smglobalshop.com/products/exo-dont-mess-up-my-tempo-red-thread-dad-hat,30,False,smglobalshop,False,2022-11-14
EXO Don't Mess Up My Tempo Dad Hat with Extended Ribbon,https://smglobalshop.com/products/exo-dont-mess-up-my-tempo-dad-hat-with-extended-ribbon,30,False,smglobalshop,False,2022-11-14
EXO The 5th Album  'DON'T MESS UP MY TEMPO' (Allegro),https://smglobalshop.com/products/exo-the-5th-album-dont-mess-up-my-tempo,12,False,smglobalshop,True,2022-11-14
SUPER JUNIOR Play T-Shirt - Black,https://smglobalshop.com/products/super-junior-play-t-shirt-black,27,False,smglobalshop,False,2022-11-14
Red Velvet Bad Boy Raglan Baseball T-Shirt - White / Black,https://smglobalshop.com/products/red-velvet-bad-boy-raglan-baseball-t-shirt-white-black,20,False,smglobalshop,False,2022-11-14
Girls' Generation Holiday Night Long Sleeve T-Shirt - White,https://smglobalshop.com/products/girls-generation-holiday-night-long-sleeve-t-shirt-white,28,False,smglobalshop,False,2022-11-14
Girls' Generation Holiday Night Raglan Baseball T-Shirt - White/ Royal,https://smglobalshop.com/products/girls-generation-holiday-night-raglan-baseball-t-shirt-white-royal,25,False,smglobalshop,False,2022-11-14
Girls' Generation Holiday Night Raglan Baseball T-Shirt - White / Red,https://smglobalshop.com/products/girls-generation-holiday-night-raglan-baseball-t-shirt-white-red,25,False,smglobalshop,False,2022-11-14
Girls' Generation Holiday Night T-Shirt - White,https://smglobalshop.com/products/girls-generation-holiday-night-t-shirt-white,27,False,smglobalshop,False,2022-11-14
Girls' Generation Holiday Night T-Shirt - Black,https://smglobalshop.com/products/girls-generation-holiday-night-t-shirt-black,22,False,smglobalshop,False,2022-11-14
TVXQ Necklace,https://smglobalshop.com/products/tvxq-necklace,25,False,smglobalshop,False,2022-11-14
EXO Handy Fan,https://smglobalshop.com/products/exo-handy-fan,28,False,smglobalshop,True,2022-11-14
SUPER JUNIOR Replay Dad Hat with Long Strap and Rings,https://smglobalshop.com/products/super-junior-replay-dad-hat-with-long-strap-and-rings,32,False,smglobalshop,False,2022-11-14
SUPER JUNIOR Lo Siento Dad Hat,https://smglobalshop.com/products/super-junior-lo-siento-dad-hat,25,False,smglobalshop,False,2022-11-14
"Red Velvet ""Bad Boy"" Clutch with Make Up Bag & Keychain",https://smglobalshop.com/products/red-velvet-bad-boy-clutch-with-make-up-bag-keychain,35,False,smglobalshop,False,2022-11-14
EXO Light Up iPhone 7/8 Case Ver.1,https://smglobalshop.com/products/exo-light-up-iphone-7-8-case-ver-1,15,False,smglobalshop,False,2022-11-14
NCT 127 Light Up iPhone 7/8 Case Ver.1,https://smglobalshop.com/products/nct-127-light-up-iphone-7-8-case-ver-1,15,False,smglobalshop,False,2022-11-14
Red Velvet Light Up iPhone 7/8 Case Ver.1,https://smglobalshop.com/products/red-velvet-light-up-iphone-7-8-case-ver-1,15,False,smglobalshop,False,2022-11-14
SHINee Light Up iPhone 7/8 Case Ver.1,https://smglobalshop.com/products/shinee-light-up-iphone-7-8-case-ver-1,15,False,smglobalshop,False,2022-11-14
SUPER JUNIOR Light Up iPhone 7/8 Case Ver.1,https://smglobalshop.com/products/super-junior-light-up-iphone-7-8-case-ver-1,15,False,smglobalshop,False,2022-11-14
TVXQ! Official Fanlight (Lightstick),https://smglobalshop.com/products/tvxq-official-fanlight-lightstick,55,False,smglobalshop,False,2022-11-14
Pre-Order - SHINee Official Fanlight (Lightstick),https://smglobalshop.com/products/shinee-official-fanlightlightstick,55,False,smglobalshop,True,2022-11-14
Pre-Order - Red Velvet Fanlight (Lightstick),https://smglobalshop.com/products/red-velvet-fanlight-lightstick,55,False,smglobalshop,False,2022-11-14
Pre-Order - Girls' Generation Official Fanlight (Lightstick),https://smglobalshop.com/products/girls-generation-official-fanlight-lightstick,55,False,smglobalshop,True,2022-11-14
NCT Official Fanlight (Lightstick),https://smglobalshop.com/products/nct-127-official-fan-light-stick,55,False,smglobalshop,True,2022-11-14
